Using pre-set license
Built from '2022.3/staging' branch; Version is '2022.3.46f1 (8e9b8558c41a) revision 9345925'; Using compiler version '192829333'; Build Type 'Release'
OS: 'Windows 11  (10.0.22631) 64bit CoreSingleLanguage' Language: 'pt' Physical Memory: 16220 MB
BatchMode: 1, IsHumanControllingUs: 0, StartBugReporterOnCrash: 0, Is64bit: 1, IsPro: 1

COMMAND LINE ARGUMENTS:
C:\Program Files\Unity\Hub\Editor\2022.3.46f1\Editor\Unity.exe
-adb2
-batchMode
-noUpm
-name
AssetImportWorker1
-projectPath
C:/Users/brugr/Documentos/MSC/ARVR/HCI Project
-logFile
Logs/AssetImportWorker1.log
-srvPort
61404
Successfully changed project path to: C:/Users/brugr/Documentos/MSC/ARVR/HCI Project
C:/Users/brugr/Documentos/MSC/ARVR/HCI Project
[UnityMemory] Configuration Parameters - Can be set up in boot.config
    "memorysetup-bucket-allocator-granularity=16"
    "memorysetup-bucket-allocator-bucket-count=8"
    "memorysetup-bucket-allocator-block-size=33554432"
    "memorysetup-bucket-allocator-block-count=8"
    "memorysetup-main-allocator-block-size=16777216"
    "memorysetup-thread-allocator-block-size=16777216"
    "memorysetup-gfx-main-allocator-block-size=16777216"
    "memorysetup-gfx-thread-allocator-block-size=16777216"
    "memorysetup-cache-allocator-block-size=4194304"
    "memorysetup-typetree-allocator-block-size=2097152"
    "memorysetup-profiler-bucket-allocator-granularity=16"
    "memorysetup-profiler-bucket-allocator-bucket-count=8"
    "memorysetup-profiler-bucket-allocator-block-size=33554432"
    "memorysetup-profiler-bucket-allocator-block-count=8"
    "memorysetup-profiler-allocator-block-size=16777216"
    "memorysetup-profiler-editor-allocator-block-size=1048576"
    "memorysetup-temp-allocator-size-main=16777216"
    "memorysetup-job-temp-allocator-block-size=2097152"
    "memorysetup-job-temp-allocator-block-size-background=1048576"
    "memorysetup-job-temp-allocator-reduction-small-platforms=262144"
    "memorysetup-allocator-temp-initial-block-size-main=262144"
    "memorysetup-allocator-temp-initial-block-size-worker=262144"
    "memorysetup-temp-allocator-size-background-worker=32768"
    "memorysetup-temp-allocator-size-job-worker=262144"
    "memorysetup-temp-allocator-size-preload-manager=33554432"
    "memorysetup-temp-allocator-size-nav-mesh-worker=65536"
    "memorysetup-temp-allocator-size-audio-worker=65536"
    "memorysetup-temp-allocator-size-cloud-worker=32768"
    "memorysetup-temp-allocator-size-gi-baking-worker=262144"
    "memorysetup-temp-allocator-size-gfx=262144"
Player connection [12216]  Target information:

Player connection [12216]  * "[IP] 169.254.5.254 [Port] 0 [Flags] 2 [Guid] 2559481801 [EditorId] 2559481801 [Version] 1048832 [Id] WindowsEditor(7,DEKTOP-BJG) [Debug] 1 [PackageName] WindowsEditor [ProjectName] Editor" 

Player connection [12216]  * "[IP] 10.0.0.80 [Port] 0 [Flags] 2 [Guid] 2559481801 [EditorId] 2559481801 [Version] 1048832 [Id] WindowsEditor(7,DEKTOP-BJG) [Debug] 1 [PackageName] WindowsEditor [ProjectName] Editor" 

Player connection [12216] Host joined multi-casting on [225.0.0.222:54997]...
Player connection [12216] Host joined alternative multi-casting on [225.0.0.222:34997]...
[PhysX] Initialized MultithreadedTaskDispatcher with 12 workers.
Refreshing native plugins compatible for Editor in 13.13 ms, found 3 plugins.
Preloading 0 native plugins for Editor in 0.00 ms.
Initialize engine version: 2022.3.46f1 (8e9b8558c41a)
[Subsystems] Discovering subsystems at path C:/Program Files/Unity/Hub/Editor/2022.3.46f1/Editor/Data/Resources/UnitySubsystems
[Subsystems] Discovering subsystems at path C:/Users/brugr/Documentos/MSC/ARVR/HCI Project/Assets
GfxDevice: creating device client; threaded=0; jobified=0
Direct3D:
    Version:  Direct3D 11.0 [level 11.1]
    Renderer: NVIDIA GeForce RTX 2060 (ID=0x1f15)
    Vendor:   NVIDIA
    VRAM:     5980 MB
    Driver:   30.0.15.1289
Initialize mono
Mono path[0] = 'C:/Program Files/Unity/Hub/Editor/2022.3.46f1/Editor/Data/Managed'
Mono path[1] = 'C:/Program Files/Unity/Hub/Editor/2022.3.46f1/Editor/Data/MonoBleedingEdge/lib/mono/unityjit-win32'
Mono config path = 'C:/Program Files/Unity/Hub/Editor/2022.3.46f1/Editor/Data/MonoBleedingEdge/etc'
Using monoOptions --debugger-agent=transport=dt_socket,embedding=1,server=y,suspend=n,address=127.0.0.1:56632
Begin MonoManager ReloadAssembly
Registering precompiled unity dll's ...
Register platform support module: C:/Program Files/Unity/Hub/Editor/2022.3.46f1/Editor/Data/PlaybackEngines/WebGLSupport/UnityEditor.WebGL.Extensions.dll
Register platform support module: C:/Program Files/Unity/Hub/Editor/2022.3.46f1/Editor/Data/PlaybackEngines/AndroidPlayer/UnityEditor.Android.Extensions.dll
Register platform support module: C:/Program Files/Unity/Hub/Editor/2022.3.46f1/Editor/Data/PlaybackEngines/WindowsStandaloneSupport/UnityEditor.WindowsStandalone.Extensions.dll
Register platform support module: C:/Program Files/Unity/Hub/Editor/2022.3.46f1/Editor/Data/PlaybackEngines/MetroSupport/UnityEditor.UWP.Extensions.dll
Registered in 0.014359 seconds.
- Loaded All Assemblies, in  0.486 seconds
Native extension for UWP target not found
Native extension for WindowsStandalone target not found
Native extension for Android target not found
InvalidOperationException: Cannot start process because a file name has not been provided.
  at System.Diagnostics.Process.Start () [0x00024] in <09af50eda9a647268d2c4fcdf7fac506>:0 
  at (wrapper remoting-invoke-with-check) System.Diagnostics.Process.Start()
  at UnityEditor.Android.ProgramAsShellExecute.Start (System.Diagnostics.ProcessStartInfo psi) [0x0000e] in <2ef16115290e43d1b0a841ac7b4ec3eb>:0 
  at UnityEditor.Android.Command.RunWithShellExecute (System.String command, System.String args, System.String workingdir, System.String errorMsg) [0x0003e] in <2ef16115290e43d1b0a841ac7b4ec3eb>:0 
  at UnityEditor.Android.ADB.StartServer () [0x00013] in <2ef16115290e43d1b0a841ac7b4ec3eb>:0 
  at UnityEditor.Android.ADB.Run (System.String[] command, UnityEditor.Android.Command+WaitingForProcessToExit waitingForProcessToExit, System.String errorMsg) [0x0000b] in <2ef16115290e43d1b0a841ac7b4ec3eb>:0 
  at UnityEditor.Android.AndroidDeploymentTargetsExtension.GetKnownTargets (UnityEditor.DeploymentTargets.IDeploymentTargetsMainThreadContext context, UnityEditor.ProgressHandler progressHandler) [0x002ae] in <2ef16115290e43d1b0a841ac7b4ec3eb>:0 
  at UnityEditor.Android.TargetScanWorker.ScanSync () [0x00049] in <2ef16115290e43d1b0a841ac7b4ec3eb>:0 
  at UnityEditor.Android.TargetExtension.OnUsbDevicesChanged (UnityEditor.Hardware.UsbDevice[] usbDevices) [0x00087] in <2ef16115290e43d1b0a841ac7b4ec3eb>:0 
  at UnityEditor.Android.TargetExtension.OnLoad () [0x000b4] in <2ef16115290e43d1b0a841ac7b4ec3eb>:0 
  at UnityEditor.Modules.ModuleManager.InitializePlatformSupportModules () [0x0009d] in <e0a2c8363ef54a6393fed120beebdb7a>:0 

Mono: successfully reloaded assembly
- Finished resetting the current domain, in  0.431 seconds
Domain Reload Profiling: 915ms
	BeginReloadAssembly (139ms)
		ExecutionOrderSort (0ms)
		DisableScriptedObjects (0ms)
		BackupInstance (0ms)
		ReleaseScriptingObjects (0ms)
		CreateAndSetChildDomain (1ms)
	RebuildCommonClasses (47ms)
	RebuildNativeTypeToScriptingClass (14ms)
	initialDomainReloadingComplete (79ms)
	LoadAllAssembliesAndSetupDomain (205ms)
		LoadAssemblies (137ms)
		RebuildTransferFunctionScriptingTraits (0ms)
		AnalyzeDomain (202ms)
			TypeCache.Refresh (201ms)
				TypeCache.ScanAssembly (184ms)
			ScanForSourceGeneratedMonoScriptInfo (0ms)
			ResolveRequiredComponents (1ms)
	FinalizeReload (432ms)
		ReleaseScriptCaches (0ms)
		RebuildScriptCaches (0ms)
		SetupLoadedEditorAssemblies (371ms)
			LogAssemblyErrors (0ms)
			InitializePlatformSupportModulesInManaged (162ms)
			SetLoadedEditorAssemblies (6ms)
			RefreshPlugins (0ms)
			BeforeProcessingInitializeOnLoad (3ms)
			ProcessInitializeOnLoadAttributes (144ms)
			ProcessInitializeOnLoadMethodAttributes (57ms)
			AfterProcessingInitializeOnLoad (0ms)
			EditorAssembliesLoaded (0ms)
		ExecutionOrderSort2 (0ms)
		AwakeInstancesAfterBackupRestoration (0ms)
Script 'Packages/com.huggingface.api/Examples/Scripts/TextToImageExample.cs' will not be compiled because it exists outside the Assets folder and does not to belong to any assembly definition file.
Script 'Packages/com.huggingface.api/Examples/Scripts/ConversationExample.cs' will not be compiled because it exists outside the Assets folder and does not to belong to any assembly definition file.
Script 'Packages/com.huggingface.api/Examples/Scripts/SpeechRecognitionExample.cs' will not be compiled because it exists outside the Assets folder and does not to belong to any assembly definition file.
========================================================================
Worker process is ready to serve import requests
Caller must complete domain reload
Script 'Packages/com.huggingface.api/Examples/Scripts/TextToImageExample.cs' will not be compiled because it exists outside the Assets folder and does not to belong to any assembly definition file.
Script 'Packages/com.huggingface.api/Examples/Scripts/ConversationExample.cs' will not be compiled because it exists outside the Assets folder and does not to belong to any assembly definition file.
Script 'Packages/com.huggingface.api/Examples/Scripts/SpeechRecognitionExample.cs' will not be compiled because it exists outside the Assets folder and does not to belong to any assembly definition file.
Begin MonoManager ReloadAssembly
Symbol file LoadedFromMemory is not a mono symbol file
- Loaded All Assemblies, in  0.962 seconds
Native extension for UWP target not found
Native extension for WindowsStandalone target not found
Native extension for Android target not found
Native extension for WebGL target not found
Script 'Packages/com.huggingface.api/Examples/Scripts/TextToImageExample.cs' will not be compiled because it exists outside the Assets folder and does not to belong to any assembly definition file.
Script 'Packages/com.huggingface.api/Examples/Scripts/ConversationExample.cs' will not be compiled because it exists outside the Assets folder and does not to belong to any assembly definition file.
Script 'Packages/com.huggingface.api/Examples/Scripts/SpeechRecognitionExample.cs' will not be compiled because it exists outside the Assets folder and does not to belong to any assembly definition file.
Mono: successfully reloaded assembly
- Finished resetting the current domain, in  1.234 seconds
Domain Reload Profiling: 2192ms
	BeginReloadAssembly (212ms)
		ExecutionOrderSort (0ms)
		DisableScriptedObjects (7ms)
		BackupInstance (0ms)
		ReleaseScriptingObjects (0ms)
		CreateAndSetChildDomain (28ms)
	RebuildCommonClasses (42ms)
	RebuildNativeTypeToScriptingClass (14ms)
	initialDomainReloadingComplete (53ms)
	LoadAllAssembliesAndSetupDomain (636ms)
		LoadAssemblies (486ms)
		RebuildTransferFunctionScriptingTraits (0ms)
		AnalyzeDomain (278ms)
			TypeCache.Refresh (244ms)
				TypeCache.ScanAssembly (214ms)
			ScanForSourceGeneratedMonoScriptInfo (22ms)
			ResolveRequiredComponents (10ms)
	FinalizeReload (1234ms)
		ReleaseScriptCaches (0ms)
		RebuildScriptCaches (0ms)
		SetupLoadedEditorAssemblies (1017ms)
			LogAssemblyErrors (0ms)
			InitializePlatformSupportModulesInManaged (31ms)
			SetLoadedEditorAssemblies (6ms)
			RefreshPlugins (0ms)
			BeforeProcessingInitializeOnLoad (126ms)
			ProcessInitializeOnLoadAttributes (817ms)
			ProcessInitializeOnLoadMethodAttributes (29ms)
			AfterProcessingInitializeOnLoad (9ms)
			EditorAssembliesLoaded (0ms)
		ExecutionOrderSort2 (0ms)
		AwakeInstancesAfterBackupRestoration (8ms)
Launched and connected shader compiler UnityShaderCompiler.exe after 0.05 seconds
Refreshing native plugins compatible for Editor in 5.91 ms, found 3 plugins.
Preloading 0 native plugins for Editor in 0.00 ms.
Unloading 3189 Unused Serialized files (Serialized files now loaded: 0)
Unloading 21 unused Assets / (55.6 KB). Loaded Objects now: 3656.
Memory consumption went from 124.2 MB to 124.2 MB.
Total: 5.138500 ms (FindLiveObjects: 0.355500 ms CreateObjectMapping: 0.377200 ms MarkObjects: 4.272000 ms  DeleteObjects: 0.132500 ms)

AssetImportParameters requested are different than current active one (requested -> active):
  custom:container-demuxer-ogg: 62fdf1f143b41e24485cea50d1cbac27 -> 
  custom:video-decoder-ogg-theora: a1e56fd34408186e4bbccfd4996cb3dc -> 
  custom:framework-win-MediaFoundation: 216162199b28c13a410421893ffa2e32 -> 
  custom:CustomObjectIndexerAttribute: 9a22284fe3817be447336de3de66b15e -> 
  custom:container-demuxer-webm: 4f35f7cbe854078d1ac9338744f61a02 -> 
  custom:container-muxer-webm: aa71ff27fc2769a1b78a27578f13a17b -> 
  custom:video-decoder-webm-vp8: 9c59270c3fd7afecdb556c50c9e8de78 -> 
  custom:SearchIndexIgnoredProperties: e643bd26f0fe6173181afceb89e7c659 -> 
  custom:AudioImporter_EditorPlatform: d09bf68614088b80899f8185d706f6e7 -> 
  custom:video-encoder-webm-vp8: eb34c28f22e8b96e1ab97ce403110664 -> 
  custom:audio-decoder-ogg-vorbis: bf7c407c2cedff20999df2af8eb42d56 -> 
  custom:audio-encoder-webm-vorbis: bf7c407c2cedff20999df2af8eb42d56 -> 
========================================================================
Received Import Request.
  Time since last request: 218410.011656 seconds.
  path: Assets/HCIProjectHands.blend
  artifactKey: Guid(8e40816b092e41c4b91f8f7998595101) Importer(815301076,1909f56bfc062723c751e8b465ee728b)
Start importing Assets/HCIProjectHands.blend using Guid(8e40816b092e41c4b91f8f7998595101) Importer(815301076,1909f56bfc062723c751e8b465ee728b) [PhysX] Initialized MultithreadedTaskDispatcher with 12 workers.
[PhysX] Initialized MultithreadedTaskDispatcher with 12 workers.
[PhysX] Initialized MultithreadedTaskDispatcher with 12 workers.
[PhysX] Initialized MultithreadedTaskDispatcher with 12 workers.
[PhysX] Initialized MultithreadedTaskDispatcher with 12 workers.
[PhysX] Initialized MultithreadedTaskDispatcher with 12 workers.
[PhysX] Initialized MultithreadedTaskDispatcher with 12 workers.
[PhysX] Initialized MultithreadedTaskDispatcher with 12 workers.
[PhysX] Initialized MultithreadedTaskDispatcher with 12 workers.
[PhysX] Initialized MultithreadedTaskDispatcher with 12 workers.
[PhysX] Initialized MultithreadedTaskDispatcher with 12 workers.
[PhysX] Initialized MultithreadedTaskDispatcher with 12 workers.
[PhysX] Initialized MultithreadedTaskDispatcher with 12 workers.
[PhysX] Initialized MultithreadedTaskDispatcher with 12 workers.
[PhysX] Initialized MultithreadedTaskDispatcher with 12 workers.
[PhysX] Initialized MultithreadedTaskDispatcher with 12 workers.
[PhysX] Initialized MultithreadedTaskDispatcher with 12 workers.
[PhysX] Initialized MultithreadedTaskDispatcher with 12 workers.
[PhysX] Initialized MultithreadedTaskDispatcher with 12 workers.
[PhysX] Initialized MultithreadedTaskDispatcher with 12 workers.
[PhysX] Initialized MultithreadedTaskDispatcher with 12 workers.
[PhysX] Initialized MultithreadedTaskDispatcher with 12 workers.
 -> (artifact id: '6d8a0eea0a4a7e4baa130fd60cfae5e9') in 0.239262 seconds
Number of updated asset objects reloaded before import = 0
Number of asset objects unloaded after import = 60
========================================================================
Received Prepare
Script 'Packages/com.huggingface.api/Examples/Scripts/TextToImageExample.cs' will not be compiled because it exists outside the Assets folder and does not to belong to any assembly definition file.
Script 'Packages/com.huggingface.api/Examples/Scripts/ConversationExample.cs' will not be compiled because it exists outside the Assets folder and does not to belong to any assembly definition file.
Script 'Packages/com.huggingface.api/Examples/Scripts/SpeechRecognitionExample.cs' will not be compiled because it exists outside the Assets folder and does not to belong to any assembly definition file.
Caller must complete domain reload
Script 'Packages/com.huggingface.api/Examples/Scripts/TextToImageExample.cs' will not be compiled because it exists outside the Assets folder and does not to belong to any assembly definition file.
Script 'Packages/com.huggingface.api/Examples/Scripts/ConversationExample.cs' will not be compiled because it exists outside the Assets folder and does not to belong to any assembly definition file.
Script 'Packages/com.huggingface.api/Examples/Scripts/SpeechRecognitionExample.cs' will not be compiled because it exists outside the Assets folder and does not to belong to any assembly definition file.
Begin MonoManager ReloadAssembly
Symbol file LoadedFromMemory is not a mono symbol file
- Loaded All Assemblies, in  0.526 seconds
Native extension for UWP target not found
Native extension for WindowsStandalone target not found
Native extension for Android target not found
Native extension for WebGL target not found
Script 'Packages/com.huggingface.api/Examples/Scripts/TextToImageExample.cs' will not be compiled because it exists outside the Assets folder and does not to belong to any assembly definition file.
Script 'Packages/com.huggingface.api/Examples/Scripts/ConversationExample.cs' will not be compiled because it exists outside the Assets folder and does not to belong to any assembly definition file.
Script 'Packages/com.huggingface.api/Examples/Scripts/SpeechRecognitionExample.cs' will not be compiled because it exists outside the Assets folder and does not to belong to any assembly definition file.
HuggingFaceAPIConfig not found in Resources folder.
UnityEngine.StackTraceUtility:ExtractStackTrace ()
UnityEngine.DebugLogHandler:LogFormat (UnityEngine.LogType,UnityEngine.Object,string,object[])
UnityEngine.Logger:Log (UnityEngine.LogType,object)
UnityEngine.Debug:LogError (object)
HuggingFace.API.Editor.APIConfigUpdater:UpdateTaskEndpoints () (at ./Library/PackageCache/com.huggingface.api@8d0231780e/Editor/APIConfigUpdater.cs:14)
HuggingFace.API.Editor.APIConfigUpdater:.cctor () (at ./Library/PackageCache/com.huggingface.api@8d0231780e/Editor/APIConfigUpdater.cs:8)
System.Runtime.CompilerServices.RuntimeHelpers:RunClassConstructor (System.RuntimeTypeHandle)
UnityEditor.EditorAssemblies:ProcessInitializeOnLoadAttributes (System.Type[])

(Filename: ./Library/PackageCache/com.huggingface.api@8d0231780e/Editor/APIConfigUpdater.cs Line: 14)

Mono: successfully reloaded assembly
- Finished resetting the current domain, in  1.509 seconds
Domain Reload Profiling: 2032ms
	BeginReloadAssembly (168ms)
		ExecutionOrderSort (0ms)
		DisableScriptedObjects (5ms)
		BackupInstance (0ms)
		ReleaseScriptingObjects (0ms)
		CreateAndSetChildDomain (42ms)
	RebuildCommonClasses (42ms)
	RebuildNativeTypeToScriptingClass (12ms)
	initialDomainReloadingComplete (35ms)
	LoadAllAssembliesAndSetupDomain (264ms)
		LoadAssemblies (339ms)
		RebuildTransferFunctionScriptingTraits (0ms)
		AnalyzeDomain (14ms)
			TypeCache.Refresh (6ms)
				TypeCache.ScanAssembly (0ms)
			ScanForSourceGeneratedMonoScriptInfo (0ms)
			ResolveRequiredComponents (7ms)
	FinalizeReload (1510ms)
		ReleaseScriptCaches (0ms)
		RebuildScriptCaches (0ms)
		SetupLoadedEditorAssemblies (945ms)
			LogAssemblyErrors (0ms)
			InitializePlatformSupportModulesInManaged (29ms)
			SetLoadedEditorAssemblies (7ms)
			RefreshPlugins (0ms)
			BeforeProcessingInitializeOnLoad (127ms)
			ProcessInitializeOnLoadAttributes (745ms)
			ProcessInitializeOnLoadMethodAttributes (26ms)
			AfterProcessingInitializeOnLoad (11ms)
			EditorAssembliesLoaded (0ms)
		ExecutionOrderSort2 (0ms)
		AwakeInstancesAfterBackupRestoration (7ms)
Refreshing native plugins compatible for Editor in 5.28 ms, found 3 plugins.
Preloading 0 native plugins for Editor in 0.00 ms.
Unloading 3168 Unused Serialized files (Serialized files now loaded: 0)
Unloading 15 unused Assets / (28.8 KB). Loaded Objects now: 3671.
Memory consumption went from 124.8 MB to 124.8 MB.
Total: 4.868600 ms (FindLiveObjects: 0.387700 ms CreateObjectMapping: 0.448700 ms MarkObjects: 3.978800 ms  DeleteObjects: 0.051900 ms)

Prepare: number of updated asset objects reloaded= 0
AssetImportParameters requested are different than current active one (requested -> active):
  custom:container-demuxer-ogg: 62fdf1f143b41e24485cea50d1cbac27 -> 
  custom:video-decoder-ogg-theora: a1e56fd34408186e4bbccfd4996cb3dc -> 
  custom:framework-win-MediaFoundation: 216162199b28c13a410421893ffa2e32 -> 
  custom:CustomObjectIndexerAttribute: 9a22284fe3817be447336de3de66b15e -> 
  custom:container-demuxer-webm: 4f35f7cbe854078d1ac9338744f61a02 -> 
  custom:container-muxer-webm: aa71ff27fc2769a1b78a27578f13a17b -> 
  custom:video-decoder-webm-vp8: 9c59270c3fd7afecdb556c50c9e8de78 -> 
  custom:SearchIndexIgnoredProperties: e643bd26f0fe6173181afceb89e7c659 -> 
  custom:AudioImporter_EditorPlatform: d09bf68614088b80899f8185d706f6e7 -> 
  custom:video-encoder-webm-vp8: eb34c28f22e8b96e1ab97ce403110664 -> 
  custom:audio-decoder-ogg-vorbis: bf7c407c2cedff20999df2af8eb42d56 -> 
  custom:audio-encoder-webm-vorbis: bf7c407c2cedff20999df2af8eb42d56 -> 
========================================================================
Received Prepare
Script 'Packages/com.huggingface.api/Examples/Scripts/TextToImageExample.cs' will not be compiled because it exists outside the Assets folder and does not to belong to any assembly definition file.
Script 'Packages/com.huggingface.api/Examples/Scripts/ConversationExample.cs' will not be compiled because it exists outside the Assets folder and does not to belong to any assembly definition file.
Script 'Packages/com.huggingface.api/Examples/Scripts/SpeechRecognitionExample.cs' will not be compiled because it exists outside the Assets folder and does not to belong to any assembly definition file.
Caller must complete domain reload
Script 'Packages/com.huggingface.api/Examples/Scripts/TextToImageExample.cs' will not be compiled because it exists outside the Assets folder and does not to belong to any assembly definition file.
Script 'Packages/com.huggingface.api/Examples/Scripts/ConversationExample.cs' will not be compiled because it exists outside the Assets folder and does not to belong to any assembly definition file.
Script 'Packages/com.huggingface.api/Examples/Scripts/SpeechRecognitionExample.cs' will not be compiled because it exists outside the Assets folder and does not to belong to any assembly definition file.
Begin MonoManager ReloadAssembly
Symbol file LoadedFromMemory is not a mono symbol file
- Loaded All Assemblies, in  0.493 seconds
Native extension for UWP target not found
Native extension for WindowsStandalone target not found
Native extension for Android target not found
Native extension for WebGL target not found
Script 'Packages/com.huggingface.api/Examples/Scripts/TextToImageExample.cs' will not be compiled because it exists outside the Assets folder and does not to belong to any assembly definition file.
Script 'Packages/com.huggingface.api/Examples/Scripts/ConversationExample.cs' will not be compiled because it exists outside the Assets folder and does not to belong to any assembly definition file.
Script 'Packages/com.huggingface.api/Examples/Scripts/SpeechRecognitionExample.cs' will not be compiled because it exists outside the Assets folder and does not to belong to any assembly definition file.
HuggingFaceAPIConfig not found in Resources folder.
UnityEngine.StackTraceUtility:ExtractStackTrace ()
UnityEngine.DebugLogHandler:LogFormat (UnityEngine.LogType,UnityEngine.Object,string,object[])
UnityEngine.Logger:Log (UnityEngine.LogType,object)
UnityEngine.Debug:LogError (object)
HuggingFace.API.Editor.APIConfigUpdater:UpdateTaskEndpoints () (at ./Library/PackageCache/com.huggingface.api@8d0231780e/Editor/APIConfigUpdater.cs:14)
HuggingFace.API.Editor.APIConfigUpdater:.cctor () (at ./Library/PackageCache/com.huggingface.api@8d0231780e/Editor/APIConfigUpdater.cs:8)
System.Runtime.CompilerServices.RuntimeHelpers:RunClassConstructor (System.RuntimeTypeHandle)
UnityEditor.EditorAssemblies:ProcessInitializeOnLoadAttributes (System.Type[])

(Filename: ./Library/PackageCache/com.huggingface.api@8d0231780e/Editor/APIConfigUpdater.cs Line: 14)

Mono: successfully reloaded assembly
- Finished resetting the current domain, in  1.533 seconds
Domain Reload Profiling: 2023ms
	BeginReloadAssembly (153ms)
		ExecutionOrderSort (0ms)
		DisableScriptedObjects (5ms)
		BackupInstance (0ms)
		ReleaseScriptingObjects (0ms)
		CreateAndSetChildDomain (33ms)
	RebuildCommonClasses (33ms)
	RebuildNativeTypeToScriptingClass (12ms)
	initialDomainReloadingComplete (31ms)
	LoadAllAssembliesAndSetupDomain (259ms)
		LoadAssemblies (329ms)
		RebuildTransferFunctionScriptingTraits (0ms)
		AnalyzeDomain (14ms)
			TypeCache.Refresh (6ms)
				TypeCache.ScanAssembly (0ms)
			ScanForSourceGeneratedMonoScriptInfo (0ms)
			ResolveRequiredComponents (7ms)
	FinalizeReload (1533ms)
		ReleaseScriptCaches (0ms)
		RebuildScriptCaches (0ms)
		SetupLoadedEditorAssemblies (940ms)
			LogAssemblyErrors (0ms)
			InitializePlatformSupportModulesInManaged (25ms)
			SetLoadedEditorAssemblies (5ms)
			RefreshPlugins (0ms)
			BeforeProcessingInitializeOnLoad (111ms)
			ProcessInitializeOnLoadAttributes (766ms)
			ProcessInitializeOnLoadMethodAttributes (25ms)
			AfterProcessingInitializeOnLoad (9ms)
			EditorAssembliesLoaded (0ms)
		ExecutionOrderSort2 (0ms)
		AwakeInstancesAfterBackupRestoration (7ms)
Refreshing native plugins compatible for Editor in 5.15 ms, found 3 plugins.
Preloading 0 native plugins for Editor in 0.00 ms.
Unloading 3168 Unused Serialized files (Serialized files now loaded: 0)
Unloading 15 unused Assets / (28.8 KB). Loaded Objects now: 3674.
Memory consumption went from 124.8 MB to 124.8 MB.
Total: 4.012300 ms (FindLiveObjects: 0.290000 ms CreateObjectMapping: 0.272700 ms MarkObjects: 3.408500 ms  DeleteObjects: 0.040000 ms)

Prepare: number of updated asset objects reloaded= 0
AssetImportParameters requested are different than current active one (requested -> active):
  custom:container-demuxer-ogg: 62fdf1f143b41e24485cea50d1cbac27 -> 
  custom:video-decoder-ogg-theora: a1e56fd34408186e4bbccfd4996cb3dc -> 
  custom:framework-win-MediaFoundation: 216162199b28c13a410421893ffa2e32 -> 
  custom:CustomObjectIndexerAttribute: 9a22284fe3817be447336de3de66b15e -> 
  custom:container-demuxer-webm: 4f35f7cbe854078d1ac9338744f61a02 -> 
  custom:container-muxer-webm: aa71ff27fc2769a1b78a27578f13a17b -> 
  custom:video-decoder-webm-vp8: 9c59270c3fd7afecdb556c50c9e8de78 -> 
  custom:SearchIndexIgnoredProperties: e643bd26f0fe6173181afceb89e7c659 -> 
  custom:AudioImporter_EditorPlatform: d09bf68614088b80899f8185d706f6e7 -> 
  custom:video-encoder-webm-vp8: eb34c28f22e8b96e1ab97ce403110664 -> 
  custom:audio-decoder-ogg-vorbis: bf7c407c2cedff20999df2af8eb42d56 -> 
  custom:audio-encoder-webm-vorbis: bf7c407c2cedff20999df2af8eb42d56 -> 
========================================================================
Received Prepare
Script 'Packages/com.huggingface.api/Examples/Scripts/TextToImageExample.cs' will not be compiled because it exists outside the Assets folder and does not to belong to any assembly definition file.
Script 'Packages/com.huggingface.api/Examples/Scripts/ConversationExample.cs' will not be compiled because it exists outside the Assets folder and does not to belong to any assembly definition file.
Script 'Packages/com.huggingface.api/Examples/Scripts/SpeechRecognitionExample.cs' will not be compiled because it exists outside the Assets folder and does not to belong to any assembly definition file.
Caller must complete domain reload
Script 'Packages/com.huggingface.api/Examples/Scripts/TextToImageExample.cs' will not be compiled because it exists outside the Assets folder and does not to belong to any assembly definition file.
Script 'Packages/com.huggingface.api/Examples/Scripts/ConversationExample.cs' will not be compiled because it exists outside the Assets folder and does not to belong to any assembly definition file.
Script 'Packages/com.huggingface.api/Examples/Scripts/SpeechRecognitionExample.cs' will not be compiled because it exists outside the Assets folder and does not to belong to any assembly definition file.
Begin MonoManager ReloadAssembly
Symbol file LoadedFromMemory is not a mono symbol file
- Loaded All Assemblies, in  0.519 seconds
Native extension for UWP target not found
Native extension for WindowsStandalone target not found
Native extension for Android target not found
Native extension for WebGL target not found
Script 'Packages/com.huggingface.api/Examples/Scripts/TextToImageExample.cs' will not be compiled because it exists outside the Assets folder and does not to belong to any assembly definition file.
Script 'Packages/com.huggingface.api/Examples/Scripts/ConversationExample.cs' will not be compiled because it exists outside the Assets folder and does not to belong to any assembly definition file.
Script 'Packages/com.huggingface.api/Examples/Scripts/SpeechRecognitionExample.cs' will not be compiled because it exists outside the Assets folder and does not to belong to any assembly definition file.
HuggingFaceAPIConfig not found in Resources folder.
UnityEngine.StackTraceUtility:ExtractStackTrace ()
UnityEngine.DebugLogHandler:LogFormat (UnityEngine.LogType,UnityEngine.Object,string,object[])
UnityEngine.Logger:Log (UnityEngine.LogType,object)
UnityEngine.Debug:LogError (object)
HuggingFace.API.Editor.APIConfigUpdater:UpdateTaskEndpoints () (at ./Library/PackageCache/com.huggingface.api@8d0231780e/Editor/APIConfigUpdater.cs:14)
HuggingFace.API.Editor.APIConfigUpdater:.cctor () (at ./Library/PackageCache/com.huggingface.api@8d0231780e/Editor/APIConfigUpdater.cs:8)
System.Runtime.CompilerServices.RuntimeHelpers:RunClassConstructor (System.RuntimeTypeHandle)
UnityEditor.EditorAssemblies:ProcessInitializeOnLoadAttributes (System.Type[])

(Filename: ./Library/PackageCache/com.huggingface.api@8d0231780e/Editor/APIConfigUpdater.cs Line: 14)

Mono: successfully reloaded assembly
- Finished resetting the current domain, in  1.523 seconds
Domain Reload Profiling: 2040ms
	BeginReloadAssembly (172ms)
		ExecutionOrderSort (0ms)
		DisableScriptedObjects (5ms)
		BackupInstance (0ms)
		ReleaseScriptingObjects (0ms)
		CreateAndSetChildDomain (41ms)
	RebuildCommonClasses (34ms)
	RebuildNativeTypeToScriptingClass (12ms)
	initialDomainReloadingComplete (31ms)
	LoadAllAssembliesAndSetupDomain (267ms)
		LoadAssemblies (345ms)
		RebuildTransferFunctionScriptingTraits (0ms)
		AnalyzeDomain (16ms)
			TypeCache.Refresh (6ms)
				TypeCache.ScanAssembly (0ms)
			ScanForSourceGeneratedMonoScriptInfo (0ms)
			ResolveRequiredComponents (9ms)
	FinalizeReload (1524ms)
		ReleaseScriptCaches (0ms)
		RebuildScriptCaches (0ms)
		SetupLoadedEditorAssemblies (920ms)
			LogAssemblyErrors (0ms)
			InitializePlatformSupportModulesInManaged (29ms)
			SetLoadedEditorAssemblies (5ms)
			RefreshPlugins (0ms)
			BeforeProcessingInitializeOnLoad (110ms)
			ProcessInitializeOnLoadAttributes (743ms)
			ProcessInitializeOnLoadMethodAttributes (24ms)
			AfterProcessingInitializeOnLoad (10ms)
			EditorAssembliesLoaded (0ms)
		ExecutionOrderSort2 (0ms)
		AwakeInstancesAfterBackupRestoration (7ms)
Refreshing native plugins compatible for Editor in 6.05 ms, found 3 plugins.
Preloading 0 native plugins for Editor in 0.00 ms.
Unloading 3168 Unused Serialized files (Serialized files now loaded: 0)
Unloading 15 unused Assets / (28.8 KB). Loaded Objects now: 3677.
Memory consumption went from 124.8 MB to 124.8 MB.
Total: 3.659500 ms (FindLiveObjects: 0.325700 ms CreateObjectMapping: 0.313900 ms MarkObjects: 2.952200 ms  DeleteObjects: 0.066200 ms)

Prepare: number of updated asset objects reloaded= 0
AssetImportParameters requested are different than current active one (requested -> active):
  custom:container-demuxer-ogg: 62fdf1f143b41e24485cea50d1cbac27 -> 
  custom:video-decoder-ogg-theora: a1e56fd34408186e4bbccfd4996cb3dc -> 
  custom:framework-win-MediaFoundation: 216162199b28c13a410421893ffa2e32 -> 
  custom:CustomObjectIndexerAttribute: 9a22284fe3817be447336de3de66b15e -> 
  custom:container-demuxer-webm: 4f35f7cbe854078d1ac9338744f61a02 -> 
  custom:container-muxer-webm: aa71ff27fc2769a1b78a27578f13a17b -> 
  custom:video-decoder-webm-vp8: 9c59270c3fd7afecdb556c50c9e8de78 -> 
  custom:SearchIndexIgnoredProperties: e643bd26f0fe6173181afceb89e7c659 -> 
  custom:AudioImporter_EditorPlatform: d09bf68614088b80899f8185d706f6e7 -> 
  custom:video-encoder-webm-vp8: eb34c28f22e8b96e1ab97ce403110664 -> 
  custom:audio-decoder-ogg-vorbis: bf7c407c2cedff20999df2af8eb42d56 -> 
  custom:audio-encoder-webm-vorbis: bf7c407c2cedff20999df2af8eb42d56 -> 
========================================================================
Received Prepare
Script 'Packages/com.huggingface.api/Examples/Scripts/TextToImageExample.cs' will not be compiled because it exists outside the Assets folder and does not to belong to any assembly definition file.
Script 'Packages/com.huggingface.api/Examples/Scripts/ConversationExample.cs' will not be compiled because it exists outside the Assets folder and does not to belong to any assembly definition file.
Script 'Packages/com.huggingface.api/Examples/Scripts/SpeechRecognitionExample.cs' will not be compiled because it exists outside the Assets folder and does not to belong to any assembly definition file.
Caller must complete domain reload
Script 'Packages/com.huggingface.api/Examples/Scripts/TextToImageExample.cs' will not be compiled because it exists outside the Assets folder and does not to belong to any assembly definition file.
Script 'Packages/com.huggingface.api/Examples/Scripts/ConversationExample.cs' will not be compiled because it exists outside the Assets folder and does not to belong to any assembly definition file.
Script 'Packages/com.huggingface.api/Examples/Scripts/SpeechRecognitionExample.cs' will not be compiled because it exists outside the Assets folder and does not to belong to any assembly definition file.
Begin MonoManager ReloadAssembly
Symbol file LoadedFromMemory is not a mono symbol file
- Loaded All Assemblies, in  0.629 seconds
Native extension for UWP target not found
Native extension for WindowsStandalone target not found
Native extension for Android target not found
Native extension for WebGL target not found
Script 'Packages/com.huggingface.api/Examples/Scripts/TextToImageExample.cs' will not be compiled because it exists outside the Assets folder and does not to belong to any assembly definition file.
Script 'Packages/com.huggingface.api/Examples/Scripts/ConversationExample.cs' will not be compiled because it exists outside the Assets folder and does not to belong to any assembly definition file.
Script 'Packages/com.huggingface.api/Examples/Scripts/SpeechRecognitionExample.cs' will not be compiled because it exists outside the Assets folder and does not to belong to any assembly definition file.
HuggingFaceAPIConfig not found in Resources folder.
UnityEngine.StackTraceUtility:ExtractStackTrace ()
UnityEngine.DebugLogHandler:LogFormat (UnityEngine.LogType,UnityEngine.Object,string,object[])
UnityEngine.Logger:Log (UnityEngine.LogType,object)
UnityEngine.Debug:LogError (object)
HuggingFace.API.Editor.APIConfigUpdater:UpdateTaskEndpoints () (at ./Library/PackageCache/com.huggingface.api@8d0231780e/Editor/APIConfigUpdater.cs:14)
HuggingFace.API.Editor.APIConfigUpdater:.cctor () (at ./Library/PackageCache/com.huggingface.api@8d0231780e/Editor/APIConfigUpdater.cs:8)
System.Runtime.CompilerServices.RuntimeHelpers:RunClassConstructor (System.RuntimeTypeHandle)
UnityEditor.EditorAssemblies:ProcessInitializeOnLoadAttributes (System.Type[])

(Filename: ./Library/PackageCache/com.huggingface.api@8d0231780e/Editor/APIConfigUpdater.cs Line: 14)

Mono: successfully reloaded assembly
- Finished resetting the current domain, in  1.608 seconds
Domain Reload Profiling: 2233ms
	BeginReloadAssembly (189ms)
		ExecutionOrderSort (0ms)
		DisableScriptedObjects (6ms)
		BackupInstance (0ms)
		ReleaseScriptingObjects (0ms)
		CreateAndSetChildDomain (47ms)
	RebuildCommonClasses (49ms)
	RebuildNativeTypeToScriptingClass (18ms)
	initialDomainReloadingComplete (39ms)
	LoadAllAssembliesAndSetupDomain (331ms)
		LoadAssemblies (399ms)
		RebuildTransferFunctionScriptingTraits (0ms)
		AnalyzeDomain (31ms)
			TypeCache.Refresh (10ms)
				TypeCache.ScanAssembly (1ms)
			ScanForSourceGeneratedMonoScriptInfo (8ms)
			ResolveRequiredComponents (11ms)
	FinalizeReload (1608ms)
		ReleaseScriptCaches (0ms)
		RebuildScriptCaches (0ms)
		SetupLoadedEditorAssemblies (972ms)
			LogAssemblyErrors (0ms)
			InitializePlatformSupportModulesInManaged (32ms)
			SetLoadedEditorAssemblies (5ms)
			RefreshPlugins (0ms)
			BeforeProcessingInitializeOnLoad (122ms)
			ProcessInitializeOnLoadAttributes (780ms)
			ProcessInitializeOnLoadMethodAttributes (24ms)
			AfterProcessingInitializeOnLoad (9ms)
			EditorAssembliesLoaded (0ms)
		ExecutionOrderSort2 (0ms)
		AwakeInstancesAfterBackupRestoration (6ms)
Refreshing native plugins compatible for Editor in 4.68 ms, found 3 plugins.
Preloading 0 native plugins for Editor in 0.00 ms.
Unloading 3168 Unused Serialized files (Serialized files now loaded: 0)
Unloading 15 unused Assets / (28.8 KB). Loaded Objects now: 3680.
Memory consumption went from 124.8 MB to 124.8 MB.
Total: 3.973900 ms (FindLiveObjects: 0.451000 ms CreateObjectMapping: 0.254500 ms MarkObjects: 3.223100 ms  DeleteObjects: 0.044200 ms)

Prepare: number of updated asset objects reloaded= 0
AssetImportParameters requested are different than current active one (requested -> active):
  custom:container-demuxer-ogg: 62fdf1f143b41e24485cea50d1cbac27 -> 
  custom:video-decoder-ogg-theora: a1e56fd34408186e4bbccfd4996cb3dc -> 
  custom:framework-win-MediaFoundation: 216162199b28c13a410421893ffa2e32 -> 
  custom:CustomObjectIndexerAttribute: 9a22284fe3817be447336de3de66b15e -> 
  custom:container-demuxer-webm: 4f35f7cbe854078d1ac9338744f61a02 -> 
  custom:container-muxer-webm: aa71ff27fc2769a1b78a27578f13a17b -> 
  custom:video-decoder-webm-vp8: 9c59270c3fd7afecdb556c50c9e8de78 -> 
  custom:SearchIndexIgnoredProperties: e643bd26f0fe6173181afceb89e7c659 -> 
  custom:AudioImporter_EditorPlatform: d09bf68614088b80899f8185d706f6e7 -> 
  custom:video-encoder-webm-vp8: eb34c28f22e8b96e1ab97ce403110664 -> 
  custom:audio-decoder-ogg-vorbis: bf7c407c2cedff20999df2af8eb42d56 -> 
  custom:audio-encoder-webm-vorbis: bf7c407c2cedff20999df2af8eb42d56 -> 
  custom:scripting/precompiled-assembly-types:Assembly-CSharp: 665ff7cde1163a77d841fcdc72dd170d -> e185c2ee810995cd426895fe014139a9
========================================================================
Received Prepare
Script 'Packages/com.huggingface.api/Examples/Scripts/TextToImageExample.cs' will not be compiled because it exists outside the Assets folder and does not to belong to any assembly definition file.
Script 'Packages/com.huggingface.api/Examples/Scripts/ConversationExample.cs' will not be compiled because it exists outside the Assets folder and does not to belong to any assembly definition file.
Script 'Packages/com.huggingface.api/Examples/Scripts/SpeechRecognitionExample.cs' will not be compiled because it exists outside the Assets folder and does not to belong to any assembly definition file.
Caller must complete domain reload
Script 'Packages/com.huggingface.api/Examples/Scripts/TextToImageExample.cs' will not be compiled because it exists outside the Assets folder and does not to belong to any assembly definition file.
Script 'Packages/com.huggingface.api/Examples/Scripts/ConversationExample.cs' will not be compiled because it exists outside the Assets folder and does not to belong to any assembly definition file.
Script 'Packages/com.huggingface.api/Examples/Scripts/SpeechRecognitionExample.cs' will not be compiled because it exists outside the Assets folder and does not to belong to any assembly definition file.
Begin MonoManager ReloadAssembly
Symbol file LoadedFromMemory is not a mono symbol file
- Loaded All Assemblies, in  0.513 seconds
Native extension for UWP target not found
Native extension for WindowsStandalone target not found
Native extension for Android target not found
Native extension for WebGL target not found
Script 'Packages/com.huggingface.api/Examples/Scripts/TextToImageExample.cs' will not be compiled because it exists outside the Assets folder and does not to belong to any assembly definition file.
Script 'Packages/com.huggingface.api/Examples/Scripts/ConversationExample.cs' will not be compiled because it exists outside the Assets folder and does not to belong to any assembly definition file.
Script 'Packages/com.huggingface.api/Examples/Scripts/SpeechRecognitionExample.cs' will not be compiled because it exists outside the Assets folder and does not to belong to any assembly definition file.
HuggingFaceAPIConfig not found in Resources folder.
UnityEngine.StackTraceUtility:ExtractStackTrace ()
UnityEngine.DebugLogHandler:LogFormat (UnityEngine.LogType,UnityEngine.Object,string,object[])
UnityEngine.Logger:Log (UnityEngine.LogType,object)
UnityEngine.Debug:LogError (object)
HuggingFace.API.Editor.APIConfigUpdater:UpdateTaskEndpoints () (at ./Library/PackageCache/com.huggingface.api@8d0231780e/Editor/APIConfigUpdater.cs:14)
HuggingFace.API.Editor.APIConfigUpdater:.cctor () (at ./Library/PackageCache/com.huggingface.api@8d0231780e/Editor/APIConfigUpdater.cs:8)
System.Runtime.CompilerServices.RuntimeHelpers:RunClassConstructor (System.RuntimeTypeHandle)
UnityEditor.EditorAssemblies:ProcessInitializeOnLoadAttributes (System.Type[])

(Filename: ./Library/PackageCache/com.huggingface.api@8d0231780e/Editor/APIConfigUpdater.cs Line: 14)

Mono: successfully reloaded assembly
- Finished resetting the current domain, in  1.557 seconds
Domain Reload Profiling: 2068ms
	BeginReloadAssembly (161ms)
		ExecutionOrderSort (0ms)
		DisableScriptedObjects (6ms)
		BackupInstance (0ms)
		ReleaseScriptingObjects (0ms)
		CreateAndSetChildDomain (34ms)
	RebuildCommonClasses (34ms)
	RebuildNativeTypeToScriptingClass (12ms)
	initialDomainReloadingComplete (33ms)
	LoadAllAssembliesAndSetupDomain (269ms)
		LoadAssemblies (346ms)
		RebuildTransferFunctionScriptingTraits (0ms)
		AnalyzeDomain (14ms)
			TypeCache.Refresh (6ms)
				TypeCache.ScanAssembly (0ms)
			ScanForSourceGeneratedMonoScriptInfo (0ms)
			ResolveRequiredComponents (6ms)
	FinalizeReload (1558ms)
		ReleaseScriptCaches (0ms)
		RebuildScriptCaches (0ms)
		SetupLoadedEditorAssemblies (953ms)
			LogAssemblyErrors (0ms)
			InitializePlatformSupportModulesInManaged (28ms)
			SetLoadedEditorAssemblies (5ms)
			RefreshPlugins (0ms)
			BeforeProcessingInitializeOnLoad (126ms)
			ProcessInitializeOnLoadAttributes (759ms)
			ProcessInitializeOnLoadMethodAttributes (27ms)
			AfterProcessingInitializeOnLoad (8ms)
			EditorAssembliesLoaded (0ms)
		ExecutionOrderSort2 (0ms)
		AwakeInstancesAfterBackupRestoration (8ms)
Refreshing native plugins compatible for Editor in 5.81 ms, found 3 plugins.
Preloading 0 native plugins for Editor in 0.00 ms.
Unloading 3168 Unused Serialized files (Serialized files now loaded: 0)
Unloading 15 unused Assets / (28.8 KB). Loaded Objects now: 3683.
Memory consumption went from 124.8 MB to 124.8 MB.
Total: 4.100500 ms (FindLiveObjects: 0.336200 ms CreateObjectMapping: 0.336200 ms MarkObjects: 3.376300 ms  DeleteObjects: 0.050000 ms)

Prepare: number of updated asset objects reloaded= 0
AssetImportParameters requested are different than current active one (requested -> active):
  custom:container-demuxer-ogg: 62fdf1f143b41e24485cea50d1cbac27 -> 
  custom:video-decoder-ogg-theora: a1e56fd34408186e4bbccfd4996cb3dc -> 
  custom:framework-win-MediaFoundation: 216162199b28c13a410421893ffa2e32 -> 
  custom:CustomObjectIndexerAttribute: 9a22284fe3817be447336de3de66b15e -> 
  custom:container-demuxer-webm: 4f35f7cbe854078d1ac9338744f61a02 -> 
  custom:container-muxer-webm: aa71ff27fc2769a1b78a27578f13a17b -> 
  custom:video-decoder-webm-vp8: 9c59270c3fd7afecdb556c50c9e8de78 -> 
  custom:SearchIndexIgnoredProperties: e643bd26f0fe6173181afceb89e7c659 -> 
  custom:AudioImporter_EditorPlatform: d09bf68614088b80899f8185d706f6e7 -> 
  custom:video-encoder-webm-vp8: eb34c28f22e8b96e1ab97ce403110664 -> 
  custom:audio-decoder-ogg-vorbis: bf7c407c2cedff20999df2af8eb42d56 -> 
  custom:audio-encoder-webm-vorbis: bf7c407c2cedff20999df2af8eb42d56 -> 
  custom:scripting/precompiled-assembly-types:Assembly-CSharp: 665ff7cde1163a77d841fcdc72dd170d -> e185c2ee810995cd426895fe014139a9
========================================================================
Received Prepare
Script 'Packages/com.huggingface.api/Examples/Scripts/TextToImageExample.cs' will not be compiled because it exists outside the Assets folder and does not to belong to any assembly definition file.
Script 'Packages/com.huggingface.api/Examples/Scripts/ConversationExample.cs' will not be compiled because it exists outside the Assets folder and does not to belong to any assembly definition file.
Script 'Packages/com.huggingface.api/Examples/Scripts/SpeechRecognitionExample.cs' will not be compiled because it exists outside the Assets folder and does not to belong to any assembly definition file.
Caller must complete domain reload
Script 'Packages/com.huggingface.api/Examples/Scripts/TextToImageExample.cs' will not be compiled because it exists outside the Assets folder and does not to belong to any assembly definition file.
Script 'Packages/com.huggingface.api/Examples/Scripts/ConversationExample.cs' will not be compiled because it exists outside the Assets folder and does not to belong to any assembly definition file.
Script 'Packages/com.huggingface.api/Examples/Scripts/SpeechRecognitionExample.cs' will not be compiled because it exists outside the Assets folder and does not to belong to any assembly definition file.
Begin MonoManager ReloadAssembly
Symbol file LoadedFromMemory is not a mono symbol file
- Loaded All Assemblies, in  0.567 seconds
Native extension for UWP target not found
Native extension for WindowsStandalone target not found
Native extension for Android target not found
Native extension for WebGL target not found
Script 'Packages/com.huggingface.api/Examples/Scripts/TextToImageExample.cs' will not be compiled because it exists outside the Assets folder and does not to belong to any assembly definition file.
Script 'Packages/com.huggingface.api/Examples/Scripts/ConversationExample.cs' will not be compiled because it exists outside the Assets folder and does not to belong to any assembly definition file.
Script 'Packages/com.huggingface.api/Examples/Scripts/SpeechRecognitionExample.cs' will not be compiled because it exists outside the Assets folder and does not to belong to any assembly definition file.
HuggingFaceAPIConfig not found in Resources folder.
UnityEngine.StackTraceUtility:ExtractStackTrace ()
UnityEngine.DebugLogHandler:LogFormat (UnityEngine.LogType,UnityEngine.Object,string,object[])
UnityEngine.Logger:Log (UnityEngine.LogType,object)
UnityEngine.Debug:LogError (object)
HuggingFace.API.Editor.APIConfigUpdater:UpdateTaskEndpoints () (at ./Library/PackageCache/com.huggingface.api@8d0231780e/Editor/APIConfigUpdater.cs:14)
HuggingFace.API.Editor.APIConfigUpdater:.cctor () (at ./Library/PackageCache/com.huggingface.api@8d0231780e/Editor/APIConfigUpdater.cs:8)
System.Runtime.CompilerServices.RuntimeHelpers:RunClassConstructor (System.RuntimeTypeHandle)
UnityEditor.EditorAssemblies:ProcessInitializeOnLoadAttributes (System.Type[])

(Filename: ./Library/PackageCache/com.huggingface.api@8d0231780e/Editor/APIConfigUpdater.cs Line: 14)

Mono: successfully reloaded assembly
- Finished resetting the current domain, in  1.408 seconds
Domain Reload Profiling: 1971ms
	BeginReloadAssembly (170ms)
		ExecutionOrderSort (0ms)
		DisableScriptedObjects (6ms)
		BackupInstance (0ms)
		ReleaseScriptingObjects (0ms)
		CreateAndSetChildDomain (37ms)
	RebuildCommonClasses (38ms)
	RebuildNativeTypeToScriptingClass (13ms)
	initialDomainReloadingComplete (38ms)
	LoadAllAssembliesAndSetupDomain (304ms)
		LoadAssemblies (370ms)
		RebuildTransferFunctionScriptingTraits (0ms)
		AnalyzeDomain (27ms)
			TypeCache.Refresh (11ms)
				TypeCache.ScanAssembly (1ms)
			ScanForSourceGeneratedMonoScriptInfo (7ms)
			ResolveRequiredComponents (7ms)
	FinalizeReload (1408ms)
		ReleaseScriptCaches (0ms)
		RebuildScriptCaches (0ms)
		SetupLoadedEditorAssemblies (816ms)
			LogAssemblyErrors (0ms)
			InitializePlatformSupportModulesInManaged (25ms)
			SetLoadedEditorAssemblies (4ms)
			RefreshPlugins (0ms)
			BeforeProcessingInitializeOnLoad (105ms)
			ProcessInitializeOnLoadAttributes (655ms)
			ProcessInitializeOnLoadMethodAttributes (19ms)
			AfterProcessingInitializeOnLoad (7ms)
			EditorAssembliesLoaded (0ms)
		ExecutionOrderSort2 (0ms)
		AwakeInstancesAfterBackupRestoration (5ms)
Refreshing native plugins compatible for Editor in 4.28 ms, found 3 plugins.
Preloading 0 native plugins for Editor in 0.00 ms.
Unloading 3167 Unused Serialized files (Serialized files now loaded: 0)
Unloading 16 unused Assets / (29.3 KB). Loaded Objects now: 3685.
Memory consumption went from 124.8 MB to 124.8 MB.
Total: 3.883700 ms (FindLiveObjects: 0.342300 ms CreateObjectMapping: 0.247800 ms MarkObjects: 3.243100 ms  DeleteObjects: 0.046800 ms)

Prepare: number of updated asset objects reloaded= 0
AssetImportParameters requested are different than current active one (requested -> active):
  custom:container-demuxer-ogg: 62fdf1f143b41e24485cea50d1cbac27 -> 
  custom:video-decoder-ogg-theora: a1e56fd34408186e4bbccfd4996cb3dc -> 
  custom:framework-win-MediaFoundation: 216162199b28c13a410421893ffa2e32 -> 
  custom:CustomObjectIndexerAttribute: 9a22284fe3817be447336de3de66b15e -> 
  custom:container-demuxer-webm: 4f35f7cbe854078d1ac9338744f61a02 -> 
  custom:container-muxer-webm: aa71ff27fc2769a1b78a27578f13a17b -> 
  custom:video-decoder-webm-vp8: 9c59270c3fd7afecdb556c50c9e8de78 -> 
  custom:SearchIndexIgnoredProperties: e643bd26f0fe6173181afceb89e7c659 -> 
  custom:AudioImporter_EditorPlatform: d09bf68614088b80899f8185d706f6e7 -> 
  custom:video-encoder-webm-vp8: eb34c28f22e8b96e1ab97ce403110664 -> 
  custom:audio-decoder-ogg-vorbis: bf7c407c2cedff20999df2af8eb42d56 -> 
  custom:audio-encoder-webm-vorbis: bf7c407c2cedff20999df2af8eb42d56 -> 
  custom:scripting/precompiled-assembly-types:Assembly-CSharp: e89da1177a09b02f9b2a652fd87506ba -> e185c2ee810995cd426895fe014139a9
========================================================================
Received Prepare
Script 'Packages/com.huggingface.api/Examples/Scripts/TextToImageExample.cs' will not be compiled because it exists outside the Assets folder and does not to belong to any assembly definition file.
Script 'Packages/com.huggingface.api/Examples/Scripts/ConversationExample.cs' will not be compiled because it exists outside the Assets folder and does not to belong to any assembly definition file.
Script 'Packages/com.huggingface.api/Examples/Scripts/SpeechRecognitionExample.cs' will not be compiled because it exists outside the Assets folder and does not to belong to any assembly definition file.
Caller must complete domain reload
Script 'Packages/com.huggingface.api/Examples/Scripts/TextToImageExample.cs' will not be compiled because it exists outside the Assets folder and does not to belong to any assembly definition file.
Script 'Packages/com.huggingface.api/Examples/Scripts/ConversationExample.cs' will not be compiled because it exists outside the Assets folder and does not to belong to any assembly definition file.
Script 'Packages/com.huggingface.api/Examples/Scripts/SpeechRecognitionExample.cs' will not be compiled because it exists outside the Assets folder and does not to belong to any assembly definition file.
Begin MonoManager ReloadAssembly
Symbol file LoadedFromMemory is not a mono symbol file
- Loaded All Assemblies, in  0.570 seconds
Native extension for UWP target not found
Native extension for WindowsStandalone target not found
Native extension for Android target not found
Native extension for WebGL target not found
Script 'Packages/com.huggingface.api/Examples/Scripts/TextToImageExample.cs' will not be compiled because it exists outside the Assets folder and does not to belong to any assembly definition file.
Script 'Packages/com.huggingface.api/Examples/Scripts/ConversationExample.cs' will not be compiled because it exists outside the Assets folder and does not to belong to any assembly definition file.
Script 'Packages/com.huggingface.api/Examples/Scripts/SpeechRecognitionExample.cs' will not be compiled because it exists outside the Assets folder and does not to belong to any assembly definition file.
HuggingFaceAPIConfig not found in Resources folder.
UnityEngine.StackTraceUtility:ExtractStackTrace ()
UnityEngine.DebugLogHandler:LogFormat (UnityEngine.LogType,UnityEngine.Object,string,object[])
UnityEngine.Logger:Log (UnityEngine.LogType,object)
UnityEngine.Debug:LogError (object)
HuggingFace.API.Editor.APIConfigUpdater:UpdateTaskEndpoints () (at ./Library/PackageCache/com.huggingface.api@8d0231780e/Editor/APIConfigUpdater.cs:14)
HuggingFace.API.Editor.APIConfigUpdater:.cctor () (at ./Library/PackageCache/com.huggingface.api@8d0231780e/Editor/APIConfigUpdater.cs:8)
System.Runtime.CompilerServices.RuntimeHelpers:RunClassConstructor (System.RuntimeTypeHandle)
UnityEditor.EditorAssemblies:ProcessInitializeOnLoadAttributes (System.Type[])

(Filename: ./Library/PackageCache/com.huggingface.api@8d0231780e/Editor/APIConfigUpdater.cs Line: 14)

Mono: successfully reloaded assembly
- Finished resetting the current domain, in  1.459 seconds
Domain Reload Profiling: 2026ms
	BeginReloadAssembly (179ms)
		ExecutionOrderSort (0ms)
		DisableScriptedObjects (6ms)
		BackupInstance (0ms)
		ReleaseScriptingObjects (0ms)
		CreateAndSetChildDomain (37ms)
	RebuildCommonClasses (38ms)
	RebuildNativeTypeToScriptingClass (14ms)
	initialDomainReloadingComplete (34ms)
	LoadAllAssembliesAndSetupDomain (301ms)
		LoadAssemblies (377ms)
		RebuildTransferFunctionScriptingTraits (0ms)
		AnalyzeDomain (27ms)
			TypeCache.Refresh (11ms)
				TypeCache.ScanAssembly (1ms)
			ScanForSourceGeneratedMonoScriptInfo (8ms)
			ResolveRequiredComponents (7ms)
	FinalizeReload (1460ms)
		ReleaseScriptCaches (0ms)
		RebuildScriptCaches (0ms)
		SetupLoadedEditorAssemblies (854ms)
			LogAssemblyErrors (0ms)
			InitializePlatformSupportModulesInManaged (26ms)
			SetLoadedEditorAssemblies (5ms)
			RefreshPlugins (0ms)
			BeforeProcessingInitializeOnLoad (113ms)
			ProcessInitializeOnLoadAttributes (681ms)
			ProcessInitializeOnLoadMethodAttributes (21ms)
			AfterProcessingInitializeOnLoad (8ms)
			EditorAssembliesLoaded (0ms)
		ExecutionOrderSort2 (0ms)
		AwakeInstancesAfterBackupRestoration (7ms)
Refreshing native plugins compatible for Editor in 7.05 ms, found 3 plugins.
Preloading 0 native plugins for Editor in 0.00 ms.
Unloading 3167 Unused Serialized files (Serialized files now loaded: 0)
Unloading 15 unused Assets / (28.9 KB). Loaded Objects now: 3688.
Memory consumption went from 124.8 MB to 124.8 MB.
Total: 3.536700 ms (FindLiveObjects: 0.359600 ms CreateObjectMapping: 0.275700 ms MarkObjects: 2.859900 ms  DeleteObjects: 0.040700 ms)

Prepare: number of updated asset objects reloaded= 0
AssetImportParameters requested are different than current active one (requested -> active):
  custom:container-demuxer-ogg: 62fdf1f143b41e24485cea50d1cbac27 -> 
  custom:video-decoder-ogg-theora: a1e56fd34408186e4bbccfd4996cb3dc -> 
  custom:framework-win-MediaFoundation: 216162199b28c13a410421893ffa2e32 -> 
  custom:CustomObjectIndexerAttribute: 9a22284fe3817be447336de3de66b15e -> 
  custom:container-demuxer-webm: 4f35f7cbe854078d1ac9338744f61a02 -> 
  custom:container-muxer-webm: aa71ff27fc2769a1b78a27578f13a17b -> 
  custom:video-decoder-webm-vp8: 9c59270c3fd7afecdb556c50c9e8de78 -> 
  custom:SearchIndexIgnoredProperties: e643bd26f0fe6173181afceb89e7c659 -> 
  custom:AudioImporter_EditorPlatform: d09bf68614088b80899f8185d706f6e7 -> 
  custom:video-encoder-webm-vp8: eb34c28f22e8b96e1ab97ce403110664 -> 
  custom:audio-decoder-ogg-vorbis: bf7c407c2cedff20999df2af8eb42d56 -> 
  custom:audio-encoder-webm-vorbis: bf7c407c2cedff20999df2af8eb42d56 -> 
  custom:scripting/precompiled-assembly-types:Assembly-CSharp: e89da1177a09b02f9b2a652fd87506ba -> e185c2ee810995cd426895fe014139a9
========================================================================
Received Prepare
Script 'Packages/com.huggingface.api/Examples/Scripts/TextToImageExample.cs' will not be compiled because it exists outside the Assets folder and does not to belong to any assembly definition file.
Script 'Packages/com.huggingface.api/Examples/Scripts/ConversationExample.cs' will not be compiled because it exists outside the Assets folder and does not to belong to any assembly definition file.
Script 'Packages/com.huggingface.api/Examples/Scripts/SpeechRecognitionExample.cs' will not be compiled because it exists outside the Assets folder and does not to belong to any assembly definition file.
Caller must complete domain reload
Script 'Packages/com.huggingface.api/Examples/Scripts/TextToImageExample.cs' will not be compiled because it exists outside the Assets folder and does not to belong to any assembly definition file.
Script 'Packages/com.huggingface.api/Examples/Scripts/ConversationExample.cs' will not be compiled because it exists outside the Assets folder and does not to belong to any assembly definition file.
Script 'Packages/com.huggingface.api/Examples/Scripts/SpeechRecognitionExample.cs' will not be compiled because it exists outside the Assets folder and does not to belong to any assembly definition file.
Begin MonoManager ReloadAssembly
Symbol file LoadedFromMemory is not a mono symbol file
- Loaded All Assemblies, in  0.517 seconds
Native extension for UWP target not found
Native extension for WindowsStandalone target not found
Native extension for Android target not found
Native extension for WebGL target not found
Script 'Packages/com.huggingface.api/Examples/Scripts/TextToImageExample.cs' will not be compiled because it exists outside the Assets folder and does not to belong to any assembly definition file.
Script 'Packages/com.huggingface.api/Examples/Scripts/ConversationExample.cs' will not be compiled because it exists outside the Assets folder and does not to belong to any assembly definition file.
Script 'Packages/com.huggingface.api/Examples/Scripts/SpeechRecognitionExample.cs' will not be compiled because it exists outside the Assets folder and does not to belong to any assembly definition file.
HuggingFaceAPIConfig not found in Resources folder.
UnityEngine.StackTraceUtility:ExtractStackTrace ()
UnityEngine.DebugLogHandler:LogFormat (UnityEngine.LogType,UnityEngine.Object,string,object[])
UnityEngine.Logger:Log (UnityEngine.LogType,object)
UnityEngine.Debug:LogError (object)
HuggingFace.API.Editor.APIConfigUpdater:UpdateTaskEndpoints () (at ./Library/PackageCache/com.huggingface.api@8d0231780e/Editor/APIConfigUpdater.cs:14)
HuggingFace.API.Editor.APIConfigUpdater:.cctor () (at ./Library/PackageCache/com.huggingface.api@8d0231780e/Editor/APIConfigUpdater.cs:8)
System.Runtime.CompilerServices.RuntimeHelpers:RunClassConstructor (System.RuntimeTypeHandle)
UnityEditor.EditorAssemblies:ProcessInitializeOnLoadAttributes (System.Type[])

(Filename: ./Library/PackageCache/com.huggingface.api@8d0231780e/Editor/APIConfigUpdater.cs Line: 14)

Mono: successfully reloaded assembly
- Finished resetting the current domain, in  1.547 seconds
Domain Reload Profiling: 2061ms
	BeginReloadAssembly (165ms)
		ExecutionOrderSort (0ms)
		DisableScriptedObjects (5ms)
		BackupInstance (0ms)
		ReleaseScriptingObjects (0ms)
		CreateAndSetChildDomain (33ms)
	RebuildCommonClasses (36ms)
	RebuildNativeTypeToScriptingClass (12ms)
	initialDomainReloadingComplete (31ms)
	LoadAllAssembliesAndSetupDomain (269ms)
		LoadAssemblies (349ms)
		RebuildTransferFunctionScriptingTraits (0ms)
		AnalyzeDomain (15ms)
			TypeCache.Refresh (7ms)
				TypeCache.ScanAssembly (0ms)
			ScanForSourceGeneratedMonoScriptInfo (0ms)
			ResolveRequiredComponents (7ms)
	FinalizeReload (1548ms)
		ReleaseScriptCaches (0ms)
		RebuildScriptCaches (0ms)
		SetupLoadedEditorAssemblies (954ms)
			LogAssemblyErrors (0ms)
			InitializePlatformSupportModulesInManaged (28ms)
			SetLoadedEditorAssemblies (5ms)
			RefreshPlugins (0ms)
			BeforeProcessingInitializeOnLoad (123ms)
			ProcessInitializeOnLoadAttributes (765ms)
			ProcessInitializeOnLoadMethodAttributes (25ms)
			AfterProcessingInitializeOnLoad (9ms)
			EditorAssembliesLoaded (0ms)
		ExecutionOrderSort2 (0ms)
		AwakeInstancesAfterBackupRestoration (10ms)
Refreshing native plugins compatible for Editor in 5.91 ms, found 3 plugins.
Preloading 0 native plugins for Editor in 0.00 ms.
Unloading 3167 Unused Serialized files (Serialized files now loaded: 0)
Unloading 15 unused Assets / (28.9 KB). Loaded Objects now: 3691.
Memory consumption went from 124.8 MB to 124.8 MB.
Total: 3.740800 ms (FindLiveObjects: 0.282500 ms CreateObjectMapping: 0.256300 ms MarkObjects: 3.154400 ms  DeleteObjects: 0.046700 ms)

Prepare: number of updated asset objects reloaded= 0
AssetImportParameters requested are different than current active one (requested -> active):
  custom:container-demuxer-ogg: 62fdf1f143b41e24485cea50d1cbac27 -> 
  custom:video-decoder-ogg-theora: a1e56fd34408186e4bbccfd4996cb3dc -> 
  custom:framework-win-MediaFoundation: 216162199b28c13a410421893ffa2e32 -> 
  custom:CustomObjectIndexerAttribute: 9a22284fe3817be447336de3de66b15e -> 
  custom:container-demuxer-webm: 4f35f7cbe854078d1ac9338744f61a02 -> 
  custom:container-muxer-webm: aa71ff27fc2769a1b78a27578f13a17b -> 
  custom:video-decoder-webm-vp8: 9c59270c3fd7afecdb556c50c9e8de78 -> 
  custom:SearchIndexIgnoredProperties: e643bd26f0fe6173181afceb89e7c659 -> 
  custom:AudioImporter_EditorPlatform: d09bf68614088b80899f8185d706f6e7 -> 
  custom:video-encoder-webm-vp8: eb34c28f22e8b96e1ab97ce403110664 -> 
  custom:audio-decoder-ogg-vorbis: bf7c407c2cedff20999df2af8eb42d56 -> 
  custom:audio-encoder-webm-vorbis: bf7c407c2cedff20999df2af8eb42d56 -> 
  custom:scripting/precompiled-assembly-types:Assembly-CSharp: e89da1177a09b02f9b2a652fd87506ba -> e185c2ee810995cd426895fe014139a9
========================================================================
Received Import Request.
  Time since last request: 668.539901 seconds.
  path: Assets/SpeechRecognitionTest.cs
  artifactKey: Guid(56641fd41b7f9174d870db7b7cd833af) Importer(815301076,1909f56bfc062723c751e8b465ee728b)
Start importing Assets/SpeechRecognitionTest.cs using Guid(56641fd41b7f9174d870db7b7cd833af) Importer(815301076,1909f56bfc062723c751e8b465ee728b) [PhysX] Initialized MultithreadedTaskDispatcher with 12 workers.
 -> (artifact id: 'ae318637b79e83e4fe043fe65b9fb332') in 0.009626 seconds
Number of updated asset objects reloaded before import = 0
Number of asset objects unloaded after import = 0
========================================================================
Received Prepare
Script 'Packages/com.huggingface.api/Examples/Scripts/TextToImageExample.cs' will not be compiled because it exists outside the Assets folder and does not to belong to any assembly definition file.
Script 'Packages/com.huggingface.api/Examples/Scripts/ConversationExample.cs' will not be compiled because it exists outside the Assets folder and does not to belong to any assembly definition file.
Script 'Packages/com.huggingface.api/Examples/Scripts/SpeechRecognitionExample.cs' will not be compiled because it exists outside the Assets folder and does not to belong to any assembly definition file.
Caller must complete domain reload
Script 'Packages/com.huggingface.api/Examples/Scripts/TextToImageExample.cs' will not be compiled because it exists outside the Assets folder and does not to belong to any assembly definition file.
Script 'Packages/com.huggingface.api/Examples/Scripts/ConversationExample.cs' will not be compiled because it exists outside the Assets folder and does not to belong to any assembly definition file.
Script 'Packages/com.huggingface.api/Examples/Scripts/SpeechRecognitionExample.cs' will not be compiled because it exists outside the Assets folder and does not to belong to any assembly definition file.
Begin MonoManager ReloadAssembly
Symbol file LoadedFromMemory is not a mono symbol file
- Loaded All Assemblies, in  0.551 seconds
Native extension for UWP target not found
Native extension for WindowsStandalone target not found
Native extension for Android target not found
Native extension for WebGL target not found
Script 'Packages/com.huggingface.api/Examples/Scripts/TextToImageExample.cs' will not be compiled because it exists outside the Assets folder and does not to belong to any assembly definition file.
Script 'Packages/com.huggingface.api/Examples/Scripts/ConversationExample.cs' will not be compiled because it exists outside the Assets folder and does not to belong to any assembly definition file.
Script 'Packages/com.huggingface.api/Examples/Scripts/SpeechRecognitionExample.cs' will not be compiled because it exists outside the Assets folder and does not to belong to any assembly definition file.
HuggingFaceAPIConfig not found in Resources folder.
UnityEngine.StackTraceUtility:ExtractStackTrace ()
UnityEngine.DebugLogHandler:LogFormat (UnityEngine.LogType,UnityEngine.Object,string,object[])
UnityEngine.Logger:Log (UnityEngine.LogType,object)
UnityEngine.Debug:LogError (object)
HuggingFace.API.Editor.APIConfigUpdater:UpdateTaskEndpoints () (at ./Library/PackageCache/com.huggingface.api@8d0231780e/Editor/APIConfigUpdater.cs:14)
HuggingFace.API.Editor.APIConfigUpdater:.cctor () (at ./Library/PackageCache/com.huggingface.api@8d0231780e/Editor/APIConfigUpdater.cs:8)
System.Runtime.CompilerServices.RuntimeHelpers:RunClassConstructor (System.RuntimeTypeHandle)
UnityEditor.EditorAssemblies:ProcessInitializeOnLoadAttributes (System.Type[])

(Filename: ./Library/PackageCache/com.huggingface.api@8d0231780e/Editor/APIConfigUpdater.cs Line: 14)

Mono: successfully reloaded assembly
- Finished resetting the current domain, in  1.430 seconds
Domain Reload Profiling: 1977ms
	BeginReloadAssembly (167ms)
		ExecutionOrderSort (0ms)
		DisableScriptedObjects (5ms)
		BackupInstance (0ms)
		ReleaseScriptingObjects (0ms)
		CreateAndSetChildDomain (36ms)
	RebuildCommonClasses (35ms)
	RebuildNativeTypeToScriptingClass (11ms)
	initialDomainReloadingComplete (37ms)
	LoadAllAssembliesAndSetupDomain (297ms)
		LoadAssemblies (360ms)
		RebuildTransferFunctionScriptingTraits (0ms)
		AnalyzeDomain (29ms)
			TypeCache.Refresh (11ms)
				TypeCache.ScanAssembly (1ms)
			ScanForSourceGeneratedMonoScriptInfo (7ms)
			ResolveRequiredComponents (9ms)
	FinalizeReload (1431ms)
		ReleaseScriptCaches (0ms)
		RebuildScriptCaches (0ms)
		SetupLoadedEditorAssemblies (795ms)
			LogAssemblyErrors (0ms)
			InitializePlatformSupportModulesInManaged (25ms)
			SetLoadedEditorAssemblies (5ms)
			RefreshPlugins (0ms)
			BeforeProcessingInitializeOnLoad (99ms)
			ProcessInitializeOnLoadAttributes (637ms)
			ProcessInitializeOnLoadMethodAttributes (21ms)
			AfterProcessingInitializeOnLoad (8ms)
			EditorAssembliesLoaded (0ms)
		ExecutionOrderSort2 (0ms)
		AwakeInstancesAfterBackupRestoration (6ms)
Refreshing native plugins compatible for Editor in 4.66 ms, found 3 plugins.
Preloading 0 native plugins for Editor in 0.00 ms.
Unloading 3167 Unused Serialized files (Serialized files now loaded: 0)
Unloading 15 unused Assets / (28.8 KB). Loaded Objects now: 3694.
Memory consumption went from 124.8 MB to 124.8 MB.
Total: 3.053700 ms (FindLiveObjects: 0.261000 ms CreateObjectMapping: 0.229200 ms MarkObjects: 2.525600 ms  DeleteObjects: 0.036800 ms)

Prepare: number of updated asset objects reloaded= 0
AssetImportParameters requested are different than current active one (requested -> active):
  custom:container-demuxer-ogg: 62fdf1f143b41e24485cea50d1cbac27 -> 
  custom:video-decoder-ogg-theora: a1e56fd34408186e4bbccfd4996cb3dc -> 
  custom:framework-win-MediaFoundation: 216162199b28c13a410421893ffa2e32 -> 
  custom:CustomObjectIndexerAttribute: 9a22284fe3817be447336de3de66b15e -> 
  custom:container-demuxer-webm: 4f35f7cbe854078d1ac9338744f61a02 -> 
  custom:container-muxer-webm: aa71ff27fc2769a1b78a27578f13a17b -> 
  custom:video-decoder-webm-vp8: 9c59270c3fd7afecdb556c50c9e8de78 -> 
  custom:SearchIndexIgnoredProperties: e643bd26f0fe6173181afceb89e7c659 -> 
  custom:AudioImporter_EditorPlatform: d09bf68614088b80899f8185d706f6e7 -> 
  custom:video-encoder-webm-vp8: eb34c28f22e8b96e1ab97ce403110664 -> 
  custom:audio-decoder-ogg-vorbis: bf7c407c2cedff20999df2af8eb42d56 -> 
  custom:audio-encoder-webm-vorbis: bf7c407c2cedff20999df2af8eb42d56 -> 
  custom:scripting/precompiled-assembly-types:Assembly-CSharp: e89da1177a09b02f9b2a652fd87506ba -> e185c2ee810995cd426895fe014139a9
========================================================================
Received Prepare
Script 'Packages/com.huggingface.api/Examples/Scripts/TextToImageExample.cs' will not be compiled because it exists outside the Assets folder and does not to belong to any assembly definition file.
Script 'Packages/com.huggingface.api/Examples/Scripts/ConversationExample.cs' will not be compiled because it exists outside the Assets folder and does not to belong to any assembly definition file.
Script 'Packages/com.huggingface.api/Examples/Scripts/SpeechRecognitionExample.cs' will not be compiled because it exists outside the Assets folder and does not to belong to any assembly definition file.
Caller must complete domain reload
Script 'Packages/com.huggingface.api/Examples/Scripts/TextToImageExample.cs' will not be compiled because it exists outside the Assets folder and does not to belong to any assembly definition file.
Script 'Packages/com.huggingface.api/Examples/Scripts/ConversationExample.cs' will not be compiled because it exists outside the Assets folder and does not to belong to any assembly definition file.
Script 'Packages/com.huggingface.api/Examples/Scripts/SpeechRecognitionExample.cs' will not be compiled because it exists outside the Assets folder and does not to belong to any assembly definition file.
Begin MonoManager ReloadAssembly
Symbol file LoadedFromMemory is not a mono symbol file
- Loaded All Assemblies, in  0.520 seconds
Native extension for UWP target not found
Native extension for WindowsStandalone target not found
Native extension for Android target not found
Native extension for WebGL target not found
Script 'Packages/com.huggingface.api/Examples/Scripts/TextToImageExample.cs' will not be compiled because it exists outside the Assets folder and does not to belong to any assembly definition file.
Script 'Packages/com.huggingface.api/Examples/Scripts/ConversationExample.cs' will not be compiled because it exists outside the Assets folder and does not to belong to any assembly definition file.
Script 'Packages/com.huggingface.api/Examples/Scripts/SpeechRecognitionExample.cs' will not be compiled because it exists outside the Assets folder and does not to belong to any assembly definition file.
HuggingFaceAPIConfig not found in Resources folder.
UnityEngine.StackTraceUtility:ExtractStackTrace ()
UnityEngine.DebugLogHandler:LogFormat (UnityEngine.LogType,UnityEngine.Object,string,object[])
UnityEngine.Logger:Log (UnityEngine.LogType,object)
UnityEngine.Debug:LogError (object)
HuggingFace.API.Editor.APIConfigUpdater:UpdateTaskEndpoints () (at ./Library/PackageCache/com.huggingface.api@8d0231780e/Editor/APIConfigUpdater.cs:14)
HuggingFace.API.Editor.APIConfigUpdater:.cctor () (at ./Library/PackageCache/com.huggingface.api@8d0231780e/Editor/APIConfigUpdater.cs:8)
System.Runtime.CompilerServices.RuntimeHelpers:RunClassConstructor (System.RuntimeTypeHandle)
UnityEditor.EditorAssemblies:ProcessInitializeOnLoadAttributes (System.Type[])

(Filename: ./Library/PackageCache/com.huggingface.api@8d0231780e/Editor/APIConfigUpdater.cs Line: 14)

Mono: successfully reloaded assembly
- Finished resetting the current domain, in  1.615 seconds
Domain Reload Profiling: 2132ms
	BeginReloadAssembly (164ms)
		ExecutionOrderSort (0ms)
		DisableScriptedObjects (5ms)
		BackupInstance (0ms)
		ReleaseScriptingObjects (0ms)
		CreateAndSetChildDomain (31ms)
	RebuildCommonClasses (33ms)
	RebuildNativeTypeToScriptingClass (12ms)
	initialDomainReloadingComplete (31ms)
	LoadAllAssembliesAndSetupDomain (277ms)
		LoadAssemblies (361ms)
		RebuildTransferFunctionScriptingTraits (0ms)
		AnalyzeDomain (15ms)
			TypeCache.Refresh (6ms)
				TypeCache.ScanAssembly (0ms)
			ScanForSourceGeneratedMonoScriptInfo (0ms)
			ResolveRequiredComponents (7ms)
	FinalizeReload (1616ms)
		ReleaseScriptCaches (0ms)
		RebuildScriptCaches (0ms)
		SetupLoadedEditorAssemblies (975ms)
			LogAssemblyErrors (0ms)
			InitializePlatformSupportModulesInManaged (35ms)
			SetLoadedEditorAssemblies (6ms)
			RefreshPlugins (0ms)
			BeforeProcessingInitializeOnLoad (127ms)
			ProcessInitializeOnLoadAttributes (773ms)
			ProcessInitializeOnLoadMethodAttributes (26ms)
			AfterProcessingInitializeOnLoad (8ms)
			EditorAssembliesLoaded (0ms)
		ExecutionOrderSort2 (0ms)
		AwakeInstancesAfterBackupRestoration (8ms)
Refreshing native plugins compatible for Editor in 4.97 ms, found 3 plugins.
Preloading 0 native plugins for Editor in 0.00 ms.
Unloading 3167 Unused Serialized files (Serialized files now loaded: 0)
Unloading 15 unused Assets / (28.8 KB). Loaded Objects now: 3697.
Memory consumption went from 124.8 MB to 124.8 MB.
Total: 4.112500 ms (FindLiveObjects: 0.497100 ms CreateObjectMapping: 0.356200 ms MarkObjects: 3.215800 ms  DeleteObjects: 0.041900 ms)

Prepare: number of updated asset objects reloaded= 0
AssetImportParameters requested are different than current active one (requested -> active):
  custom:container-demuxer-ogg: 62fdf1f143b41e24485cea50d1cbac27 -> 
  custom:video-decoder-ogg-theora: a1e56fd34408186e4bbccfd4996cb3dc -> 
  custom:framework-win-MediaFoundation: 216162199b28c13a410421893ffa2e32 -> 
  custom:CustomObjectIndexerAttribute: 9a22284fe3817be447336de3de66b15e -> 
  custom:container-demuxer-webm: 4f35f7cbe854078d1ac9338744f61a02 -> 
  custom:container-muxer-webm: aa71ff27fc2769a1b78a27578f13a17b -> 
  custom:video-decoder-webm-vp8: 9c59270c3fd7afecdb556c50c9e8de78 -> 
  custom:SearchIndexIgnoredProperties: e643bd26f0fe6173181afceb89e7c659 -> 
  custom:AudioImporter_EditorPlatform: d09bf68614088b80899f8185d706f6e7 -> 
  custom:video-encoder-webm-vp8: eb34c28f22e8b96e1ab97ce403110664 -> 
  custom:audio-decoder-ogg-vorbis: bf7c407c2cedff20999df2af8eb42d56 -> 
  custom:audio-encoder-webm-vorbis: bf7c407c2cedff20999df2af8eb42d56 -> 
  custom:scripting/precompiled-assembly-types:Assembly-CSharp: e89da1177a09b02f9b2a652fd87506ba -> e185c2ee810995cd426895fe014139a9
========================================================================
Received Prepare
Script 'Packages/com.huggingface.api/Examples/Scripts/TextToImageExample.cs' will not be compiled because it exists outside the Assets folder and does not to belong to any assembly definition file.
Script 'Packages/com.huggingface.api/Examples/Scripts/ConversationExample.cs' will not be compiled because it exists outside the Assets folder and does not to belong to any assembly definition file.
Script 'Packages/com.huggingface.api/Examples/Scripts/SpeechRecognitionExample.cs' will not be compiled because it exists outside the Assets folder and does not to belong to any assembly definition file.
Caller must complete domain reload
Script 'Packages/com.huggingface.api/Examples/Scripts/TextToImageExample.cs' will not be compiled because it exists outside the Assets folder and does not to belong to any assembly definition file.
Script 'Packages/com.huggingface.api/Examples/Scripts/ConversationExample.cs' will not be compiled because it exists outside the Assets folder and does not to belong to any assembly definition file.
Script 'Packages/com.huggingface.api/Examples/Scripts/SpeechRecognitionExample.cs' will not be compiled because it exists outside the Assets folder and does not to belong to any assembly definition file.
Begin MonoManager ReloadAssembly
Symbol file LoadedFromMemory is not a mono symbol file
- Loaded All Assemblies, in  0.543 seconds
Native extension for UWP target not found
Native extension for WindowsStandalone target not found
Native extension for Android target not found
Native extension for WebGL target not found
Script 'Packages/com.huggingface.api/Examples/Scripts/TextToImageExample.cs' will not be compiled because it exists outside the Assets folder and does not to belong to any assembly definition file.
Script 'Packages/com.huggingface.api/Examples/Scripts/ConversationExample.cs' will not be compiled because it exists outside the Assets folder and does not to belong to any assembly definition file.
Script 'Packages/com.huggingface.api/Examples/Scripts/SpeechRecognitionExample.cs' will not be compiled because it exists outside the Assets folder and does not to belong to any assembly definition file.
HuggingFaceAPIConfig not found in Resources folder.
UnityEngine.StackTraceUtility:ExtractStackTrace ()
UnityEngine.DebugLogHandler:LogFormat (UnityEngine.LogType,UnityEngine.Object,string,object[])
UnityEngine.Logger:Log (UnityEngine.LogType,object)
UnityEngine.Debug:LogError (object)
HuggingFace.API.Editor.APIConfigUpdater:UpdateTaskEndpoints () (at ./Library/PackageCache/com.huggingface.api@8d0231780e/Editor/APIConfigUpdater.cs:14)
HuggingFace.API.Editor.APIConfigUpdater:.cctor () (at ./Library/PackageCache/com.huggingface.api@8d0231780e/Editor/APIConfigUpdater.cs:8)
System.Runtime.CompilerServices.RuntimeHelpers:RunClassConstructor (System.RuntimeTypeHandle)
UnityEditor.EditorAssemblies:ProcessInitializeOnLoadAttributes (System.Type[])

(Filename: ./Library/PackageCache/com.huggingface.api@8d0231780e/Editor/APIConfigUpdater.cs Line: 14)

Mono: successfully reloaded assembly
- Finished resetting the current domain, in  1.605 seconds
Domain Reload Profiling: 2146ms
	BeginReloadAssembly (170ms)
		ExecutionOrderSort (0ms)
		DisableScriptedObjects (6ms)
		BackupInstance (0ms)
		ReleaseScriptingObjects (0ms)
		CreateAndSetChildDomain (37ms)
	RebuildCommonClasses (41ms)
	RebuildNativeTypeToScriptingClass (12ms)
	initialDomainReloadingComplete (32ms)
	LoadAllAssembliesAndSetupDomain (284ms)
		LoadAssemblies (363ms)
		RebuildTransferFunctionScriptingTraits (0ms)
		AnalyzeDomain (15ms)
			TypeCache.Refresh (6ms)
				TypeCache.ScanAssembly (0ms)
			ScanForSourceGeneratedMonoScriptInfo (0ms)
			ResolveRequiredComponents (7ms)
	FinalizeReload (1606ms)
		ReleaseScriptCaches (0ms)
		RebuildScriptCaches (0ms)
		SetupLoadedEditorAssemblies (966ms)
			LogAssemblyErrors (0ms)
			InitializePlatformSupportModulesInManaged (28ms)
			SetLoadedEditorAssemblies (5ms)
			RefreshPlugins (0ms)
			BeforeProcessingInitializeOnLoad (120ms)
			ProcessInitializeOnLoadAttributes (778ms)
			ProcessInitializeOnLoadMethodAttributes (27ms)
			AfterProcessingInitializeOnLoad (8ms)
			EditorAssembliesLoaded (0ms)
		ExecutionOrderSort2 (0ms)
		AwakeInstancesAfterBackupRestoration (8ms)
Refreshing native plugins compatible for Editor in 5.59 ms, found 3 plugins.
Preloading 0 native plugins for Editor in 0.00 ms.
Unloading 3167 Unused Serialized files (Serialized files now loaded: 0)
Unloading 15 unused Assets / (28.9 KB). Loaded Objects now: 3700.
Memory consumption went from 124.8 MB to 124.8 MB.
Total: 4.308200 ms (FindLiveObjects: 0.304500 ms CreateObjectMapping: 0.272200 ms MarkObjects: 3.655300 ms  DeleteObjects: 0.075000 ms)

Prepare: number of updated asset objects reloaded= 0
AssetImportParameters requested are different than current active one (requested -> active):
  custom:container-demuxer-ogg: 62fdf1f143b41e24485cea50d1cbac27 -> 
  custom:video-decoder-ogg-theora: a1e56fd34408186e4bbccfd4996cb3dc -> 
  custom:framework-win-MediaFoundation: 216162199b28c13a410421893ffa2e32 -> 
  custom:CustomObjectIndexerAttribute: 9a22284fe3817be447336de3de66b15e -> 
  custom:container-demuxer-webm: 4f35f7cbe854078d1ac9338744f61a02 -> 
  custom:container-muxer-webm: aa71ff27fc2769a1b78a27578f13a17b -> 
  custom:video-decoder-webm-vp8: 9c59270c3fd7afecdb556c50c9e8de78 -> 
  custom:SearchIndexIgnoredProperties: e643bd26f0fe6173181afceb89e7c659 -> 
  custom:AudioImporter_EditorPlatform: d09bf68614088b80899f8185d706f6e7 -> 
  custom:video-encoder-webm-vp8: eb34c28f22e8b96e1ab97ce403110664 -> 
  custom:audio-decoder-ogg-vorbis: bf7c407c2cedff20999df2af8eb42d56 -> 
  custom:audio-encoder-webm-vorbis: bf7c407c2cedff20999df2af8eb42d56 -> 
  custom:scripting/precompiled-assembly-types:Assembly-CSharp: e89da1177a09b02f9b2a652fd87506ba -> e185c2ee810995cd426895fe014139a9
========================================================================
Received Prepare
Script 'Packages/com.huggingface.api/Examples/Scripts/TextToImageExample.cs' will not be compiled because it exists outside the Assets folder and does not to belong to any assembly definition file.
Script 'Packages/com.huggingface.api/Examples/Scripts/ConversationExample.cs' will not be compiled because it exists outside the Assets folder and does not to belong to any assembly definition file.
Script 'Packages/com.huggingface.api/Examples/Scripts/SpeechRecognitionExample.cs' will not be compiled because it exists outside the Assets folder and does not to belong to any assembly definition file.
Caller must complete domain reload
Script 'Packages/com.huggingface.api/Examples/Scripts/TextToImageExample.cs' will not be compiled because it exists outside the Assets folder and does not to belong to any assembly definition file.
Script 'Packages/com.huggingface.api/Examples/Scripts/ConversationExample.cs' will not be compiled because it exists outside the Assets folder and does not to belong to any assembly definition file.
Script 'Packages/com.huggingface.api/Examples/Scripts/SpeechRecognitionExample.cs' will not be compiled because it exists outside the Assets folder and does not to belong to any assembly definition file.
Begin MonoManager ReloadAssembly
Symbol file LoadedFromMemory is not a mono symbol file
- Loaded All Assemblies, in  0.530 seconds
Native extension for UWP target not found
Native extension for WindowsStandalone target not found
Native extension for Android target not found
Native extension for WebGL target not found
Script 'Packages/com.huggingface.api/Examples/Scripts/TextToImageExample.cs' will not be compiled because it exists outside the Assets folder and does not to belong to any assembly definition file.
Script 'Packages/com.huggingface.api/Examples/Scripts/ConversationExample.cs' will not be compiled because it exists outside the Assets folder and does not to belong to any assembly definition file.
Script 'Packages/com.huggingface.api/Examples/Scripts/SpeechRecognitionExample.cs' will not be compiled because it exists outside the Assets folder and does not to belong to any assembly definition file.
HuggingFaceAPIConfig not found in Resources folder.
UnityEngine.StackTraceUtility:ExtractStackTrace ()
UnityEngine.DebugLogHandler:LogFormat (UnityEngine.LogType,UnityEngine.Object,string,object[])
UnityEngine.Logger:Log (UnityEngine.LogType,object)
UnityEngine.Debug:LogError (object)
HuggingFace.API.Editor.APIConfigUpdater:UpdateTaskEndpoints () (at ./Library/PackageCache/com.huggingface.api@8d0231780e/Editor/APIConfigUpdater.cs:14)
HuggingFace.API.Editor.APIConfigUpdater:.cctor () (at ./Library/PackageCache/com.huggingface.api@8d0231780e/Editor/APIConfigUpdater.cs:8)
System.Runtime.CompilerServices.RuntimeHelpers:RunClassConstructor (System.RuntimeTypeHandle)
UnityEditor.EditorAssemblies:ProcessInitializeOnLoadAttributes (System.Type[])

(Filename: ./Library/PackageCache/com.huggingface.api@8d0231780e/Editor/APIConfigUpdater.cs Line: 14)

Mono: successfully reloaded assembly
- Finished resetting the current domain, in  1.550 seconds
Domain Reload Profiling: 2078ms
	BeginReloadAssembly (164ms)
		ExecutionOrderSort (0ms)
		DisableScriptedObjects (5ms)
		BackupInstance (0ms)
		ReleaseScriptingObjects (0ms)
		CreateAndSetChildDomain (39ms)
	RebuildCommonClasses (33ms)
	RebuildNativeTypeToScriptingClass (12ms)
	initialDomainReloadingComplete (34ms)
	LoadAllAssembliesAndSetupDomain (284ms)
		LoadAssemblies (354ms)
		RebuildTransferFunctionScriptingTraits (0ms)
		AnalyzeDomain (18ms)
			TypeCache.Refresh (7ms)
				TypeCache.ScanAssembly (0ms)
			ScanForSourceGeneratedMonoScriptInfo (0ms)
			ResolveRequiredComponents (8ms)
	FinalizeReload (1551ms)
		ReleaseScriptCaches (0ms)
		RebuildScriptCaches (0ms)
		SetupLoadedEditorAssemblies (947ms)
			LogAssemblyErrors (0ms)
			InitializePlatformSupportModulesInManaged (29ms)
			SetLoadedEditorAssemblies (5ms)
			RefreshPlugins (0ms)
			BeforeProcessingInitializeOnLoad (116ms)
			ProcessInitializeOnLoadAttributes (762ms)
			ProcessInitializeOnLoadMethodAttributes (25ms)
			AfterProcessingInitializeOnLoad (9ms)
			EditorAssembliesLoaded (0ms)
		ExecutionOrderSort2 (0ms)
		AwakeInstancesAfterBackupRestoration (7ms)
Refreshing native plugins compatible for Editor in 4.60 ms, found 3 plugins.
Preloading 0 native plugins for Editor in 0.00 ms.
Unloading 3167 Unused Serialized files (Serialized files now loaded: 0)
Unloading 15 unused Assets / (28.8 KB). Loaded Objects now: 3703.
Memory consumption went from 124.8 MB to 124.8 MB.
Total: 3.878100 ms (FindLiveObjects: 0.293500 ms CreateObjectMapping: 0.249100 ms MarkObjects: 3.292000 ms  DeleteObjects: 0.042500 ms)

Prepare: number of updated asset objects reloaded= 0
AssetImportParameters requested are different than current active one (requested -> active):
  custom:container-demuxer-ogg: 62fdf1f143b41e24485cea50d1cbac27 -> 
  custom:video-decoder-ogg-theora: a1e56fd34408186e4bbccfd4996cb3dc -> 
  custom:framework-win-MediaFoundation: 216162199b28c13a410421893ffa2e32 -> 
  custom:CustomObjectIndexerAttribute: 9a22284fe3817be447336de3de66b15e -> 
  custom:container-demuxer-webm: 4f35f7cbe854078d1ac9338744f61a02 -> 
  custom:container-muxer-webm: aa71ff27fc2769a1b78a27578f13a17b -> 
  custom:video-decoder-webm-vp8: 9c59270c3fd7afecdb556c50c9e8de78 -> 
  custom:SearchIndexIgnoredProperties: e643bd26f0fe6173181afceb89e7c659 -> 
  custom:AudioImporter_EditorPlatform: d09bf68614088b80899f8185d706f6e7 -> 
  custom:video-encoder-webm-vp8: eb34c28f22e8b96e1ab97ce403110664 -> 
  custom:audio-decoder-ogg-vorbis: bf7c407c2cedff20999df2af8eb42d56 -> 
  custom:audio-encoder-webm-vorbis: bf7c407c2cedff20999df2af8eb42d56 -> 
  custom:scripting/precompiled-assembly-types:Assembly-CSharp: e89da1177a09b02f9b2a652fd87506ba -> e185c2ee810995cd426895fe014139a9
========================================================================
Received Prepare
Script 'Packages/com.huggingface.api/Examples/Scripts/TextToImageExample.cs' will not be compiled because it exists outside the Assets folder and does not to belong to any assembly definition file.
Script 'Packages/com.huggingface.api/Examples/Scripts/ConversationExample.cs' will not be compiled because it exists outside the Assets folder and does not to belong to any assembly definition file.
Script 'Packages/com.huggingface.api/Examples/Scripts/SpeechRecognitionExample.cs' will not be compiled because it exists outside the Assets folder and does not to belong to any assembly definition file.
Caller must complete domain reload
Script 'Packages/com.huggingface.api/Examples/Scripts/TextToImageExample.cs' will not be compiled because it exists outside the Assets folder and does not to belong to any assembly definition file.
Script 'Packages/com.huggingface.api/Examples/Scripts/ConversationExample.cs' will not be compiled because it exists outside the Assets folder and does not to belong to any assembly definition file.
Script 'Packages/com.huggingface.api/Examples/Scripts/SpeechRecognitionExample.cs' will not be compiled because it exists outside the Assets folder and does not to belong to any assembly definition file.
Begin MonoManager ReloadAssembly
Symbol file LoadedFromMemory is not a mono symbol file
- Loaded All Assemblies, in  0.518 seconds
Native extension for UWP target not found
Native extension for WindowsStandalone target not found
Native extension for Android target not found
Native extension for WebGL target not found
Script 'Packages/com.huggingface.api/Examples/Scripts/TextToImageExample.cs' will not be compiled because it exists outside the Assets folder and does not to belong to any assembly definition file.
Script 'Packages/com.huggingface.api/Examples/Scripts/ConversationExample.cs' will not be compiled because it exists outside the Assets folder and does not to belong to any assembly definition file.
Script 'Packages/com.huggingface.api/Examples/Scripts/SpeechRecognitionExample.cs' will not be compiled because it exists outside the Assets folder and does not to belong to any assembly definition file.
HuggingFaceAPIConfig not found in Resources folder.
UnityEngine.StackTraceUtility:ExtractStackTrace ()
UnityEngine.DebugLogHandler:LogFormat (UnityEngine.LogType,UnityEngine.Object,string,object[])
UnityEngine.Logger:Log (UnityEngine.LogType,object)
UnityEngine.Debug:LogError (object)
HuggingFace.API.Editor.APIConfigUpdater:UpdateTaskEndpoints () (at ./Library/PackageCache/com.huggingface.api@8d0231780e/Editor/APIConfigUpdater.cs:14)
HuggingFace.API.Editor.APIConfigUpdater:.cctor () (at ./Library/PackageCache/com.huggingface.api@8d0231780e/Editor/APIConfigUpdater.cs:8)
System.Runtime.CompilerServices.RuntimeHelpers:RunClassConstructor (System.RuntimeTypeHandle)
UnityEditor.EditorAssemblies:ProcessInitializeOnLoadAttributes (System.Type[])

(Filename: ./Library/PackageCache/com.huggingface.api@8d0231780e/Editor/APIConfigUpdater.cs Line: 14)

Mono: successfully reloaded assembly
- Finished resetting the current domain, in  1.537 seconds
Domain Reload Profiling: 2051ms
	BeginReloadAssembly (157ms)
		ExecutionOrderSort (0ms)
		DisableScriptedObjects (6ms)
		BackupInstance (0ms)
		ReleaseScriptingObjects (0ms)
		CreateAndSetChildDomain (32ms)
	RebuildCommonClasses (36ms)
	RebuildNativeTypeToScriptingClass (12ms)
	initialDomainReloadingComplete (32ms)
	LoadAllAssembliesAndSetupDomain (278ms)
		LoadAssemblies (347ms)
		RebuildTransferFunctionScriptingTraits (0ms)
		AnalyzeDomain (15ms)
			TypeCache.Refresh (6ms)
				TypeCache.ScanAssembly (0ms)
			ScanForSourceGeneratedMonoScriptInfo (0ms)
			ResolveRequiredComponents (7ms)
	FinalizeReload (1537ms)
		ReleaseScriptCaches (0ms)
		RebuildScriptCaches (0ms)
		SetupLoadedEditorAssemblies (919ms)
			LogAssemblyErrors (0ms)
			InitializePlatformSupportModulesInManaged (28ms)
			SetLoadedEditorAssemblies (5ms)
			RefreshPlugins (0ms)
			BeforeProcessingInitializeOnLoad (115ms)
			ProcessInitializeOnLoadAttributes (733ms)
			ProcessInitializeOnLoadMethodAttributes (28ms)
			AfterProcessingInitializeOnLoad (10ms)
			EditorAssembliesLoaded (0ms)
		ExecutionOrderSort2 (0ms)
		AwakeInstancesAfterBackupRestoration (9ms)
Refreshing native plugins compatible for Editor in 5.73 ms, found 3 plugins.
Preloading 0 native plugins for Editor in 0.00 ms.
Unloading 3167 Unused Serialized files (Serialized files now loaded: 0)
Unloading 15 unused Assets / (28.8 KB). Loaded Objects now: 3706.
Memory consumption went from 124.8 MB to 124.8 MB.
Total: 4.374900 ms (FindLiveObjects: 0.282100 ms CreateObjectMapping: 0.291600 ms MarkObjects: 3.750800 ms  DeleteObjects: 0.049200 ms)

Prepare: number of updated asset objects reloaded= 0
AssetImportParameters requested are different than current active one (requested -> active):
  custom:container-demuxer-ogg: 62fdf1f143b41e24485cea50d1cbac27 -> 
  custom:video-decoder-ogg-theora: a1e56fd34408186e4bbccfd4996cb3dc -> 
  custom:framework-win-MediaFoundation: 216162199b28c13a410421893ffa2e32 -> 
  custom:CustomObjectIndexerAttribute: 9a22284fe3817be447336de3de66b15e -> 
  custom:container-demuxer-webm: 4f35f7cbe854078d1ac9338744f61a02 -> 
  custom:container-muxer-webm: aa71ff27fc2769a1b78a27578f13a17b -> 
  custom:video-decoder-webm-vp8: 9c59270c3fd7afecdb556c50c9e8de78 -> 
  custom:SearchIndexIgnoredProperties: e643bd26f0fe6173181afceb89e7c659 -> 
  custom:AudioImporter_EditorPlatform: d09bf68614088b80899f8185d706f6e7 -> 
  custom:video-encoder-webm-vp8: eb34c28f22e8b96e1ab97ce403110664 -> 
  custom:audio-decoder-ogg-vorbis: bf7c407c2cedff20999df2af8eb42d56 -> 
  custom:audio-encoder-webm-vorbis: bf7c407c2cedff20999df2af8eb42d56 -> 
  custom:scripting/precompiled-assembly-types:Assembly-CSharp: e89da1177a09b02f9b2a652fd87506ba -> e185c2ee810995cd426895fe014139a9
========================================================================
Received Prepare
Script 'Packages/com.huggingface.api/Examples/Scripts/TextToImageExample.cs' will not be compiled because it exists outside the Assets folder and does not to belong to any assembly definition file.
Script 'Packages/com.huggingface.api/Examples/Scripts/ConversationExample.cs' will not be compiled because it exists outside the Assets folder and does not to belong to any assembly definition file.
Script 'Packages/com.huggingface.api/Examples/Scripts/SpeechRecognitionExample.cs' will not be compiled because it exists outside the Assets folder and does not to belong to any assembly definition file.
Caller must complete domain reload
Script 'Packages/com.huggingface.api/Examples/Scripts/TextToImageExample.cs' will not be compiled because it exists outside the Assets folder and does not to belong to any assembly definition file.
Script 'Packages/com.huggingface.api/Examples/Scripts/ConversationExample.cs' will not be compiled because it exists outside the Assets folder and does not to belong to any assembly definition file.
Script 'Packages/com.huggingface.api/Examples/Scripts/SpeechRecognitionExample.cs' will not be compiled because it exists outside the Assets folder and does not to belong to any assembly definition file.
Begin MonoManager ReloadAssembly
Symbol file LoadedFromMemory is not a mono symbol file
- Loaded All Assemblies, in  0.525 seconds
Native extension for UWP target not found
Native extension for WindowsStandalone target not found
Native extension for Android target not found
Native extension for WebGL target not found
Script 'Packages/com.huggingface.api/Examples/Scripts/TextToImageExample.cs' will not be compiled because it exists outside the Assets folder and does not to belong to any assembly definition file.
Script 'Packages/com.huggingface.api/Examples/Scripts/ConversationExample.cs' will not be compiled because it exists outside the Assets folder and does not to belong to any assembly definition file.
Script 'Packages/com.huggingface.api/Examples/Scripts/SpeechRecognitionExample.cs' will not be compiled because it exists outside the Assets folder and does not to belong to any assembly definition file.
HuggingFaceAPIConfig not found in Resources folder.
UnityEngine.StackTraceUtility:ExtractStackTrace ()
UnityEngine.DebugLogHandler:LogFormat (UnityEngine.LogType,UnityEngine.Object,string,object[])
UnityEngine.Logger:Log (UnityEngine.LogType,object)
UnityEngine.Debug:LogError (object)
HuggingFace.API.Editor.APIConfigUpdater:UpdateTaskEndpoints () (at ./Library/PackageCache/com.huggingface.api@8d0231780e/Editor/APIConfigUpdater.cs:14)
HuggingFace.API.Editor.APIConfigUpdater:.cctor () (at ./Library/PackageCache/com.huggingface.api@8d0231780e/Editor/APIConfigUpdater.cs:8)
System.Runtime.CompilerServices.RuntimeHelpers:RunClassConstructor (System.RuntimeTypeHandle)
UnityEditor.EditorAssemblies:ProcessInitializeOnLoadAttributes (System.Type[])

(Filename: ./Library/PackageCache/com.huggingface.api@8d0231780e/Editor/APIConfigUpdater.cs Line: 14)

Mono: successfully reloaded assembly
- Finished resetting the current domain, in  1.568 seconds
Domain Reload Profiling: 2090ms
	BeginReloadAssembly (169ms)
		ExecutionOrderSort (0ms)
		DisableScriptedObjects (5ms)
		BackupInstance (0ms)
		ReleaseScriptingObjects (0ms)
		CreateAndSetChildDomain (37ms)
	RebuildCommonClasses (34ms)
	RebuildNativeTypeToScriptingClass (13ms)
	initialDomainReloadingComplete (32ms)
	LoadAllAssembliesAndSetupDomain (274ms)
		LoadAssemblies (348ms)
		RebuildTransferFunctionScriptingTraits (0ms)
		AnalyzeDomain (15ms)
			TypeCache.Refresh (7ms)
				TypeCache.ScanAssembly (0ms)
			ScanForSourceGeneratedMonoScriptInfo (0ms)
			ResolveRequiredComponents (7ms)
	FinalizeReload (1569ms)
		ReleaseScriptCaches (0ms)
		RebuildScriptCaches (0ms)
		SetupLoadedEditorAssemblies (937ms)
			LogAssemblyErrors (0ms)
			InitializePlatformSupportModulesInManaged (31ms)
			SetLoadedEditorAssemblies (6ms)
			RefreshPlugins (0ms)
			BeforeProcessingInitializeOnLoad (115ms)
			ProcessInitializeOnLoadAttributes (750ms)
			ProcessInitializeOnLoadMethodAttributes (27ms)
			AfterProcessingInitializeOnLoad (8ms)
			EditorAssembliesLoaded (0ms)
		ExecutionOrderSort2 (0ms)
		AwakeInstancesAfterBackupRestoration (8ms)
Refreshing native plugins compatible for Editor in 5.69 ms, found 3 plugins.
Preloading 0 native plugins for Editor in 0.00 ms.
Unloading 3167 Unused Serialized files (Serialized files now loaded: 0)
Unloading 15 unused Assets / (28.8 KB). Loaded Objects now: 3709.
Memory consumption went from 124.8 MB to 124.8 MB.
Total: 4.716200 ms (FindLiveObjects: 0.337100 ms CreateObjectMapping: 0.336800 ms MarkObjects: 3.987400 ms  DeleteObjects: 0.053600 ms)

Prepare: number of updated asset objects reloaded= 0
AssetImportParameters requested are different than current active one (requested -> active):
  custom:container-demuxer-ogg: 62fdf1f143b41e24485cea50d1cbac27 -> 
  custom:video-decoder-ogg-theora: a1e56fd34408186e4bbccfd4996cb3dc -> 
  custom:framework-win-MediaFoundation: 216162199b28c13a410421893ffa2e32 -> 
  custom:CustomObjectIndexerAttribute: 9a22284fe3817be447336de3de66b15e -> 
  custom:container-demuxer-webm: 4f35f7cbe854078d1ac9338744f61a02 -> 
  custom:container-muxer-webm: aa71ff27fc2769a1b78a27578f13a17b -> 
  custom:video-decoder-webm-vp8: 9c59270c3fd7afecdb556c50c9e8de78 -> 
  custom:SearchIndexIgnoredProperties: e643bd26f0fe6173181afceb89e7c659 -> 
  custom:AudioImporter_EditorPlatform: d09bf68614088b80899f8185d706f6e7 -> 
  custom:video-encoder-webm-vp8: eb34c28f22e8b96e1ab97ce403110664 -> 
  custom:audio-decoder-ogg-vorbis: bf7c407c2cedff20999df2af8eb42d56 -> 
  custom:audio-encoder-webm-vorbis: bf7c407c2cedff20999df2af8eb42d56 -> 
  custom:scripting/precompiled-assembly-types:Assembly-CSharp: e89da1177a09b02f9b2a652fd87506ba -> e185c2ee810995cd426895fe014139a9
========================================================================
Received Prepare
Script 'Packages/com.huggingface.api/Examples/Scripts/TextToImageExample.cs' will not be compiled because it exists outside the Assets folder and does not to belong to any assembly definition file.
Script 'Packages/com.huggingface.api/Examples/Scripts/ConversationExample.cs' will not be compiled because it exists outside the Assets folder and does not to belong to any assembly definition file.
Script 'Packages/com.huggingface.api/Examples/Scripts/SpeechRecognitionExample.cs' will not be compiled because it exists outside the Assets folder and does not to belong to any assembly definition file.
Caller must complete domain reload
Script 'Packages/com.huggingface.api/Examples/Scripts/TextToImageExample.cs' will not be compiled because it exists outside the Assets folder and does not to belong to any assembly definition file.
Script 'Packages/com.huggingface.api/Examples/Scripts/ConversationExample.cs' will not be compiled because it exists outside the Assets folder and does not to belong to any assembly definition file.
Script 'Packages/com.huggingface.api/Examples/Scripts/SpeechRecognitionExample.cs' will not be compiled because it exists outside the Assets folder and does not to belong to any assembly definition file.
Begin MonoManager ReloadAssembly
Symbol file LoadedFromMemory is not a mono symbol file
- Loaded All Assemblies, in  0.510 seconds
Native extension for UWP target not found
Native extension for WindowsStandalone target not found
Native extension for Android target not found
Native extension for WebGL target not found
Script 'Packages/com.huggingface.api/Examples/Scripts/TextToImageExample.cs' will not be compiled because it exists outside the Assets folder and does not to belong to any assembly definition file.
Script 'Packages/com.huggingface.api/Examples/Scripts/ConversationExample.cs' will not be compiled because it exists outside the Assets folder and does not to belong to any assembly definition file.
Script 'Packages/com.huggingface.api/Examples/Scripts/SpeechRecognitionExample.cs' will not be compiled because it exists outside the Assets folder and does not to belong to any assembly definition file.
HuggingFaceAPIConfig not found in Resources folder.
UnityEngine.StackTraceUtility:ExtractStackTrace ()
UnityEngine.DebugLogHandler:LogFormat (UnityEngine.LogType,UnityEngine.Object,string,object[])
UnityEngine.Logger:Log (UnityEngine.LogType,object)
UnityEngine.Debug:LogError (object)
HuggingFace.API.Editor.APIConfigUpdater:UpdateTaskEndpoints () (at ./Library/PackageCache/com.huggingface.api@8d0231780e/Editor/APIConfigUpdater.cs:14)
HuggingFace.API.Editor.APIConfigUpdater:.cctor () (at ./Library/PackageCache/com.huggingface.api@8d0231780e/Editor/APIConfigUpdater.cs:8)
System.Runtime.CompilerServices.RuntimeHelpers:RunClassConstructor (System.RuntimeTypeHandle)
UnityEditor.EditorAssemblies:ProcessInitializeOnLoadAttributes (System.Type[])

(Filename: ./Library/PackageCache/com.huggingface.api@8d0231780e/Editor/APIConfigUpdater.cs Line: 14)

Mono: successfully reloaded assembly
- Finished resetting the current domain, in  1.495 seconds
Domain Reload Profiling: 2002ms
	BeginReloadAssembly (164ms)
		ExecutionOrderSort (0ms)
		DisableScriptedObjects (5ms)
		BackupInstance (0ms)
		ReleaseScriptingObjects (0ms)
		CreateAndSetChildDomain (37ms)
	RebuildCommonClasses (34ms)
	RebuildNativeTypeToScriptingClass (12ms)
	initialDomainReloadingComplete (33ms)
	LoadAllAssembliesAndSetupDomain (264ms)
		LoadAssemblies (334ms)
		RebuildTransferFunctionScriptingTraits (0ms)
		AnalyzeDomain (15ms)
			TypeCache.Refresh (6ms)
				TypeCache.ScanAssembly (0ms)
			ScanForSourceGeneratedMonoScriptInfo (0ms)
			ResolveRequiredComponents (7ms)
	FinalizeReload (1496ms)
		ReleaseScriptCaches (0ms)
		RebuildScriptCaches (0ms)
		SetupLoadedEditorAssemblies (903ms)
			LogAssemblyErrors (0ms)
			InitializePlatformSupportModulesInManaged (27ms)
			SetLoadedEditorAssemblies (5ms)
			RefreshPlugins (0ms)
			BeforeProcessingInitializeOnLoad (112ms)
			ProcessInitializeOnLoadAttributes (721ms)
			ProcessInitializeOnLoadMethodAttributes (28ms)
			AfterProcessingInitializeOnLoad (9ms)
			EditorAssembliesLoaded (1ms)
		ExecutionOrderSort2 (0ms)
		AwakeInstancesAfterBackupRestoration (8ms)
Refreshing native plugins compatible for Editor in 6.51 ms, found 3 plugins.
Preloading 0 native plugins for Editor in 0.00 ms.
Unloading 3167 Unused Serialized files (Serialized files now loaded: 0)
Unloading 15 unused Assets / (28.8 KB). Loaded Objects now: 3712.
Memory consumption went from 124.8 MB to 124.8 MB.
Total: 3.165300 ms (FindLiveObjects: 0.261700 ms CreateObjectMapping: 0.233800 ms MarkObjects: 2.629400 ms  DeleteObjects: 0.039400 ms)

Prepare: number of updated asset objects reloaded= 0
AssetImportParameters requested are different than current active one (requested -> active):
  custom:container-demuxer-ogg: 62fdf1f143b41e24485cea50d1cbac27 -> 
  custom:video-decoder-ogg-theora: a1e56fd34408186e4bbccfd4996cb3dc -> 
  custom:framework-win-MediaFoundation: 216162199b28c13a410421893ffa2e32 -> 
  custom:CustomObjectIndexerAttribute: 9a22284fe3817be447336de3de66b15e -> 
  custom:container-demuxer-webm: 4f35f7cbe854078d1ac9338744f61a02 -> 
  custom:container-muxer-webm: aa71ff27fc2769a1b78a27578f13a17b -> 
  custom:video-decoder-webm-vp8: 9c59270c3fd7afecdb556c50c9e8de78 -> 
  custom:SearchIndexIgnoredProperties: e643bd26f0fe6173181afceb89e7c659 -> 
  custom:AudioImporter_EditorPlatform: d09bf68614088b80899f8185d706f6e7 -> 
  custom:video-encoder-webm-vp8: eb34c28f22e8b96e1ab97ce403110664 -> 
  custom:audio-decoder-ogg-vorbis: bf7c407c2cedff20999df2af8eb42d56 -> 
  custom:audio-encoder-webm-vorbis: bf7c407c2cedff20999df2af8eb42d56 -> 
  custom:scripting/precompiled-assembly-types:Assembly-CSharp: e89da1177a09b02f9b2a652fd87506ba -> e185c2ee810995cd426895fe014139a9
========================================================================
Received Prepare
Script 'Packages/com.huggingface.api/Examples/Scripts/TextToImageExample.cs' will not be compiled because it exists outside the Assets folder and does not to belong to any assembly definition file.
Script 'Packages/com.huggingface.api/Examples/Scripts/ConversationExample.cs' will not be compiled because it exists outside the Assets folder and does not to belong to any assembly definition file.
Script 'Packages/com.huggingface.api/Examples/Scripts/SpeechRecognitionExample.cs' will not be compiled because it exists outside the Assets folder and does not to belong to any assembly definition file.
Caller must complete domain reload
Script 'Packages/com.huggingface.api/Examples/Scripts/TextToImageExample.cs' will not be compiled because it exists outside the Assets folder and does not to belong to any assembly definition file.
Script 'Packages/com.huggingface.api/Examples/Scripts/ConversationExample.cs' will not be compiled because it exists outside the Assets folder and does not to belong to any assembly definition file.
Script 'Packages/com.huggingface.api/Examples/Scripts/SpeechRecognitionExample.cs' will not be compiled because it exists outside the Assets folder and does not to belong to any assembly definition file.
Begin MonoManager ReloadAssembly
Symbol file LoadedFromMemory is not a mono symbol file
- Loaded All Assemblies, in  0.725 seconds
Native extension for UWP target not found
Native extension for WindowsStandalone target not found
Native extension for Android target not found
Native extension for WebGL target not found
Script 'Packages/com.huggingface.api/Examples/Scripts/TextToImageExample.cs' will not be compiled because it exists outside the Assets folder and does not to belong to any assembly definition file.
Script 'Packages/com.huggingface.api/Examples/Scripts/ConversationExample.cs' will not be compiled because it exists outside the Assets folder and does not to belong to any assembly definition file.
Script 'Packages/com.huggingface.api/Examples/Scripts/SpeechRecognitionExample.cs' will not be compiled because it exists outside the Assets folder and does not to belong to any assembly definition file.
HuggingFaceAPIConfig not found in Resources folder.
UnityEngine.StackTraceUtility:ExtractStackTrace ()
UnityEngine.DebugLogHandler:LogFormat (UnityEngine.LogType,UnityEngine.Object,string,object[])
UnityEngine.Logger:Log (UnityEngine.LogType,object)
UnityEngine.Debug:LogError (object)
HuggingFace.API.Editor.APIConfigUpdater:UpdateTaskEndpoints () (at ./Library/PackageCache/com.huggingface.api@8d0231780e/Editor/APIConfigUpdater.cs:14)
HuggingFace.API.Editor.APIConfigUpdater:.cctor () (at ./Library/PackageCache/com.huggingface.api@8d0231780e/Editor/APIConfigUpdater.cs:8)
System.Runtime.CompilerServices.RuntimeHelpers:RunClassConstructor (System.RuntimeTypeHandle)
UnityEditor.EditorAssemblies:ProcessInitializeOnLoadAttributes (System.Type[])

(Filename: ./Library/PackageCache/com.huggingface.api@8d0231780e/Editor/APIConfigUpdater.cs Line: 14)

Mono: successfully reloaded assembly
- Finished resetting the current domain, in  1.459 seconds
Domain Reload Profiling: 2180ms
	BeginReloadAssembly (248ms)
		ExecutionOrderSort (0ms)
		DisableScriptedObjects (9ms)
		BackupInstance (0ms)
		ReleaseScriptingObjects (0ms)
		CreateAndSetChildDomain (71ms)
	RebuildCommonClasses (52ms)
	RebuildNativeTypeToScriptingClass (15ms)
	initialDomainReloadingComplete (39ms)
	LoadAllAssembliesAndSetupDomain (366ms)
		LoadAssemblies (454ms)
		RebuildTransferFunctionScriptingTraits (0ms)
		AnalyzeDomain (31ms)
			TypeCache.Refresh (12ms)
				TypeCache.ScanAssembly (1ms)
			ScanForSourceGeneratedMonoScriptInfo (9ms)
			ResolveRequiredComponents (8ms)
	FinalizeReload (1460ms)
		ReleaseScriptCaches (0ms)
		RebuildScriptCaches (0ms)
		SetupLoadedEditorAssemblies (814ms)
			LogAssemblyErrors (0ms)
			InitializePlatformSupportModulesInManaged (25ms)
			SetLoadedEditorAssemblies (4ms)
			RefreshPlugins (0ms)
			BeforeProcessingInitializeOnLoad (106ms)
			ProcessInitializeOnLoadAttributes (650ms)
			ProcessInitializeOnLoadMethodAttributes (21ms)
			AfterProcessingInitializeOnLoad (8ms)
			EditorAssembliesLoaded (0ms)
		ExecutionOrderSort2 (0ms)
		AwakeInstancesAfterBackupRestoration (6ms)
Refreshing native plugins compatible for Editor in 4.44 ms, found 3 plugins.
Preloading 0 native plugins for Editor in 0.00 ms.
Unloading 3167 Unused Serialized files (Serialized files now loaded: 0)
Unloading 15 unused Assets / (28.9 KB). Loaded Objects now: 3715.
Memory consumption went from 124.8 MB to 124.8 MB.
Total: 5.625300 ms (FindLiveObjects: 0.354900 ms CreateObjectMapping: 0.310300 ms MarkObjects: 4.891300 ms  DeleteObjects: 0.067800 ms)

Prepare: number of updated asset objects reloaded= 0
AssetImportParameters requested are different than current active one (requested -> active):
  custom:container-demuxer-ogg: 62fdf1f143b41e24485cea50d1cbac27 -> 
  custom:video-decoder-ogg-theora: a1e56fd34408186e4bbccfd4996cb3dc -> 
  custom:framework-win-MediaFoundation: 216162199b28c13a410421893ffa2e32 -> 
  custom:CustomObjectIndexerAttribute: 9a22284fe3817be447336de3de66b15e -> 
  custom:container-demuxer-webm: 4f35f7cbe854078d1ac9338744f61a02 -> 
  custom:container-muxer-webm: aa71ff27fc2769a1b78a27578f13a17b -> 
  custom:video-decoder-webm-vp8: 9c59270c3fd7afecdb556c50c9e8de78 -> 
  custom:SearchIndexIgnoredProperties: e643bd26f0fe6173181afceb89e7c659 -> 
  custom:AudioImporter_EditorPlatform: d09bf68614088b80899f8185d706f6e7 -> 
  custom:video-encoder-webm-vp8: eb34c28f22e8b96e1ab97ce403110664 -> 
  custom:audio-decoder-ogg-vorbis: bf7c407c2cedff20999df2af8eb42d56 -> 
  custom:audio-encoder-webm-vorbis: bf7c407c2cedff20999df2af8eb42d56 -> 
  custom:scripting/precompiled-assembly-types:Assembly-CSharp: e89da1177a09b02f9b2a652fd87506ba -> e185c2ee810995cd426895fe014139a9
========================================================================
Received Prepare
Script 'Packages/com.huggingface.api/Examples/Scripts/TextToImageExample.cs' will not be compiled because it exists outside the Assets folder and does not to belong to any assembly definition file.
Script 'Packages/com.huggingface.api/Examples/Scripts/ConversationExample.cs' will not be compiled because it exists outside the Assets folder and does not to belong to any assembly definition file.
Script 'Packages/com.huggingface.api/Examples/Scripts/SpeechRecognitionExample.cs' will not be compiled because it exists outside the Assets folder and does not to belong to any assembly definition file.
Caller must complete domain reload
Script 'Packages/com.huggingface.api/Examples/Scripts/TextToImageExample.cs' will not be compiled because it exists outside the Assets folder and does not to belong to any assembly definition file.
Script 'Packages/com.huggingface.api/Examples/Scripts/ConversationExample.cs' will not be compiled because it exists outside the Assets folder and does not to belong to any assembly definition file.
Script 'Packages/com.huggingface.api/Examples/Scripts/SpeechRecognitionExample.cs' will not be compiled because it exists outside the Assets folder and does not to belong to any assembly definition file.
Begin MonoManager ReloadAssembly
Symbol file LoadedFromMemory is not a mono symbol file
- Loaded All Assemblies, in  0.570 seconds
Native extension for UWP target not found
Native extension for WindowsStandalone target not found
Native extension for Android target not found
Native extension for WebGL target not found
Script 'Packages/com.huggingface.api/Examples/Scripts/TextToImageExample.cs' will not be compiled because it exists outside the Assets folder and does not to belong to any assembly definition file.
Script 'Packages/com.huggingface.api/Examples/Scripts/ConversationExample.cs' will not be compiled because it exists outside the Assets folder and does not to belong to any assembly definition file.
Script 'Packages/com.huggingface.api/Examples/Scripts/SpeechRecognitionExample.cs' will not be compiled because it exists outside the Assets folder and does not to belong to any assembly definition file.
HuggingFaceAPIConfig not found in Resources folder.
UnityEngine.StackTraceUtility:ExtractStackTrace ()
UnityEngine.DebugLogHandler:LogFormat (UnityEngine.LogType,UnityEngine.Object,string,object[])
UnityEngine.Logger:Log (UnityEngine.LogType,object)
UnityEngine.Debug:LogError (object)
HuggingFace.API.Editor.APIConfigUpdater:UpdateTaskEndpoints () (at ./Library/PackageCache/com.huggingface.api@8d0231780e/Editor/APIConfigUpdater.cs:14)
HuggingFace.API.Editor.APIConfigUpdater:.cctor () (at ./Library/PackageCache/com.huggingface.api@8d0231780e/Editor/APIConfigUpdater.cs:8)
System.Runtime.CompilerServices.RuntimeHelpers:RunClassConstructor (System.RuntimeTypeHandle)
UnityEditor.EditorAssemblies:ProcessInitializeOnLoadAttributes (System.Type[])

(Filename: ./Library/PackageCache/com.huggingface.api@8d0231780e/Editor/APIConfigUpdater.cs Line: 14)

Mono: successfully reloaded assembly
- Finished resetting the current domain, in  1.606 seconds
Domain Reload Profiling: 2172ms
	BeginReloadAssembly (175ms)
		ExecutionOrderSort (0ms)
		DisableScriptedObjects (7ms)
		BackupInstance (0ms)
		ReleaseScriptingObjects (0ms)
		CreateAndSetChildDomain (39ms)
	RebuildCommonClasses (45ms)
	RebuildNativeTypeToScriptingClass (16ms)
	initialDomainReloadingComplete (35ms)
	LoadAllAssembliesAndSetupDomain (294ms)
		LoadAssemblies (372ms)
		RebuildTransferFunctionScriptingTraits (0ms)
		AnalyzeDomain (16ms)
			TypeCache.Refresh (7ms)
				TypeCache.ScanAssembly (0ms)
			ScanForSourceGeneratedMonoScriptInfo (0ms)
			ResolveRequiredComponents (8ms)
	FinalizeReload (1607ms)
		ReleaseScriptCaches (0ms)
		RebuildScriptCaches (0ms)
		SetupLoadedEditorAssemblies (982ms)
			LogAssemblyErrors (0ms)
			InitializePlatformSupportModulesInManaged (30ms)
			SetLoadedEditorAssemblies (6ms)
			RefreshPlugins (0ms)
			BeforeProcessingInitializeOnLoad (139ms)
			ProcessInitializeOnLoadAttributes (771ms)
			ProcessInitializeOnLoadMethodAttributes (27ms)
			AfterProcessingInitializeOnLoad (9ms)
			EditorAssembliesLoaded (0ms)
		ExecutionOrderSort2 (0ms)
		AwakeInstancesAfterBackupRestoration (8ms)
Refreshing native plugins compatible for Editor in 6.47 ms, found 3 plugins.
Preloading 0 native plugins for Editor in 0.00 ms.
Unloading 3167 Unused Serialized files (Serialized files now loaded: 0)
Unloading 15 unused Assets / (28.8 KB). Loaded Objects now: 3718.
Memory consumption went from 124.8 MB to 124.8 MB.
Total: 3.523600 ms (FindLiveObjects: 0.350300 ms CreateObjectMapping: 0.316600 ms MarkObjects: 2.805000 ms  DeleteObjects: 0.050300 ms)

Prepare: number of updated asset objects reloaded= 0
AssetImportParameters requested are different than current active one (requested -> active):
  custom:container-demuxer-ogg: 62fdf1f143b41e24485cea50d1cbac27 -> 
  custom:video-decoder-ogg-theora: a1e56fd34408186e4bbccfd4996cb3dc -> 
  custom:framework-win-MediaFoundation: 216162199b28c13a410421893ffa2e32 -> 
  custom:CustomObjectIndexerAttribute: 9a22284fe3817be447336de3de66b15e -> 
  custom:container-demuxer-webm: 4f35f7cbe854078d1ac9338744f61a02 -> 
  custom:container-muxer-webm: aa71ff27fc2769a1b78a27578f13a17b -> 
  custom:video-decoder-webm-vp8: 9c59270c3fd7afecdb556c50c9e8de78 -> 
  custom:SearchIndexIgnoredProperties: e643bd26f0fe6173181afceb89e7c659 -> 
  custom:AudioImporter_EditorPlatform: d09bf68614088b80899f8185d706f6e7 -> 
  custom:video-encoder-webm-vp8: eb34c28f22e8b96e1ab97ce403110664 -> 
  custom:audio-decoder-ogg-vorbis: bf7c407c2cedff20999df2af8eb42d56 -> 
  custom:audio-encoder-webm-vorbis: bf7c407c2cedff20999df2af8eb42d56 -> 
  custom:scripting/precompiled-assembly-types:Assembly-CSharp: e89da1177a09b02f9b2a652fd87506ba -> e185c2ee810995cd426895fe014139a9
