Using pre-set license
Built from '2022.3/staging' branch; Version is '2022.3.46f1 (8e9b8558c41a) revision 9345925'; Using compiler version '192829333'; Build Type 'Release'
OS: 'Windows 11  (10.0.22631) 64bit CoreSingleLanguage' Language: 'pt' Physical Memory: 16220 MB
BatchMode: 1, IsHumanControllingUs: 0, StartBugReporterOnCrash: 0, Is64bit: 1, IsPro: 1

COMMAND LINE ARGUMENTS:
C:\Program Files\Unity\Hub\Editor\2022.3.46f1\Editor\Unity.exe
-adb2
-batchMode
-noUpm
-name
AssetImportWorker0
-projectPath
C:/Users/brugr/Documentos/MSC/ARVR/HCI Project
-logFile
Logs/AssetImportWorker0.log
-srvPort
61404
Successfully changed project path to: C:/Users/brugr/Documentos/MSC/ARVR/HCI Project
C:/Users/brugr/Documentos/MSC/ARVR/HCI Project
[UnityMemory] Configuration Parameters - Can be set up in boot.config
    "memorysetup-bucket-allocator-granularity=16"
    "memorysetup-bucket-allocator-bucket-count=8"
    "memorysetup-bucket-allocator-block-size=33554432"
    "memorysetup-bucket-allocator-block-count=8"
    "memorysetup-main-allocator-block-size=16777216"
    "memorysetup-thread-allocator-block-size=16777216"
    "memorysetup-gfx-main-allocator-block-size=16777216"
    "memorysetup-gfx-thread-allocator-block-size=16777216"
    "memorysetup-cache-allocator-block-size=4194304"
    "memorysetup-typetree-allocator-block-size=2097152"
    "memorysetup-profiler-bucket-allocator-granularity=16"
    "memorysetup-profiler-bucket-allocator-bucket-count=8"
    "memorysetup-profiler-bucket-allocator-block-size=33554432"
    "memorysetup-profiler-bucket-allocator-block-count=8"
    "memorysetup-profiler-allocator-block-size=16777216"
    "memorysetup-profiler-editor-allocator-block-size=1048576"
    "memorysetup-temp-allocator-size-main=16777216"
    "memorysetup-job-temp-allocator-block-size=2097152"
    "memorysetup-job-temp-allocator-block-size-background=1048576"
    "memorysetup-job-temp-allocator-reduction-small-platforms=262144"
    "memorysetup-allocator-temp-initial-block-size-main=262144"
    "memorysetup-allocator-temp-initial-block-size-worker=262144"
    "memorysetup-temp-allocator-size-background-worker=32768"
    "memorysetup-temp-allocator-size-job-worker=262144"
    "memorysetup-temp-allocator-size-preload-manager=33554432"
    "memorysetup-temp-allocator-size-nav-mesh-worker=65536"
    "memorysetup-temp-allocator-size-audio-worker=65536"
    "memorysetup-temp-allocator-size-cloud-worker=32768"
    "memorysetup-temp-allocator-size-gi-baking-worker=262144"
    "memorysetup-temp-allocator-size-gfx=262144"
Player connection [17156]  Target information:

Player connection [17156]  * "[IP] 169.254.5.254 [Port] 0 [Flags] 2 [Guid] 706395654 [EditorId] 706395654 [Version] 1048832 [Id] WindowsEditor(7,DEKTOP-BJG) [Debug] 1 [PackageName] WindowsEditor [ProjectName] Editor" 

Player connection [17156]  * "[IP] 10.0.0.80 [Port] 0 [Flags] 2 [Guid] 706395654 [EditorId] 706395654 [Version] 1048832 [Id] WindowsEditor(7,DEKTOP-BJG) [Debug] 1 [PackageName] WindowsEditor [ProjectName] Editor" 

Player connection [17156] Host joined multi-casting on [225.0.0.222:54997]...
Player connection [17156] Host joined alternative multi-casting on [225.0.0.222:34997]...
[PhysX] Initialized MultithreadedTaskDispatcher with 12 workers.
Refreshing native plugins compatible for Editor in 15.13 ms, found 3 plugins.
Preloading 0 native plugins for Editor in 0.00 ms.
Initialize engine version: 2022.3.46f1 (8e9b8558c41a)
[Subsystems] Discovering subsystems at path C:/Program Files/Unity/Hub/Editor/2022.3.46f1/Editor/Data/Resources/UnitySubsystems
[Subsystems] Discovering subsystems at path C:/Users/brugr/Documentos/MSC/ARVR/HCI Project/Assets
GfxDevice: creating device client; threaded=0; jobified=0
Direct3D:
    Version:  Direct3D 11.0 [level 11.1]
    Renderer: NVIDIA GeForce RTX 2060 (ID=0x1f15)
    Vendor:   NVIDIA
    VRAM:     5980 MB
    Driver:   30.0.15.1289
Initialize mono
Mono path[0] = 'C:/Program Files/Unity/Hub/Editor/2022.3.46f1/Editor/Data/Managed'
Mono path[1] = 'C:/Program Files/Unity/Hub/Editor/2022.3.46f1/Editor/Data/MonoBleedingEdge/lib/mono/unityjit-win32'
Mono config path = 'C:/Program Files/Unity/Hub/Editor/2022.3.46f1/Editor/Data/MonoBleedingEdge/etc'
Using monoOptions --debugger-agent=transport=dt_socket,embedding=1,server=y,suspend=n,address=127.0.0.1:56192
Begin MonoManager ReloadAssembly
Registering precompiled unity dll's ...
Register platform support module: C:/Program Files/Unity/Hub/Editor/2022.3.46f1/Editor/Data/PlaybackEngines/WebGLSupport/UnityEditor.WebGL.Extensions.dll
Register platform support module: C:/Program Files/Unity/Hub/Editor/2022.3.46f1/Editor/Data/PlaybackEngines/AndroidPlayer/UnityEditor.Android.Extensions.dll
Register platform support module: C:/Program Files/Unity/Hub/Editor/2022.3.46f1/Editor/Data/PlaybackEngines/WindowsStandaloneSupport/UnityEditor.WindowsStandalone.Extensions.dll
Register platform support module: C:/Program Files/Unity/Hub/Editor/2022.3.46f1/Editor/Data/PlaybackEngines/MetroSupport/UnityEditor.UWP.Extensions.dll
Registered in 0.014485 seconds.
- Loaded All Assemblies, in  0.492 seconds
Native extension for UWP target not found
Native extension for WindowsStandalone target not found
Native extension for Android target not found
InvalidOperationException: Cannot start process because a file name has not been provided.
  at System.Diagnostics.Process.Start () [0x00024] in <09af50eda9a647268d2c4fcdf7fac506>:0 
  at (wrapper remoting-invoke-with-check) System.Diagnostics.Process.Start()
  at UnityEditor.Android.ProgramAsShellExecute.Start (System.Diagnostics.ProcessStartInfo psi) [0x0000e] in <2ef16115290e43d1b0a841ac7b4ec3eb>:0 
  at UnityEditor.Android.Command.RunWithShellExecute (System.String command, System.String args, System.String workingdir, System.String errorMsg) [0x0003e] in <2ef16115290e43d1b0a841ac7b4ec3eb>:0 
  at UnityEditor.Android.ADB.StartServer () [0x00013] in <2ef16115290e43d1b0a841ac7b4ec3eb>:0 
  at UnityEditor.Android.ADB.Run (System.String[] command, UnityEditor.Android.Command+WaitingForProcessToExit waitingForProcessToExit, System.String errorMsg) [0x0000b] in <2ef16115290e43d1b0a841ac7b4ec3eb>:0 
  at UnityEditor.Android.AndroidDeploymentTargetsExtension.GetKnownTargets (UnityEditor.DeploymentTargets.IDeploymentTargetsMainThreadContext context, UnityEditor.ProgressHandler progressHandler) [0x002ae] in <2ef16115290e43d1b0a841ac7b4ec3eb>:0 
  at UnityEditor.Android.TargetScanWorker.ScanSync () [0x00049] in <2ef16115290e43d1b0a841ac7b4ec3eb>:0 
  at UnityEditor.Android.TargetExtension.OnUsbDevicesChanged (UnityEditor.Hardware.UsbDevice[] usbDevices) [0x00087] in <2ef16115290e43d1b0a841ac7b4ec3eb>:0 
  at UnityEditor.Android.TargetExtension.OnLoad () [0x000b4] in <2ef16115290e43d1b0a841ac7b4ec3eb>:0 
  at UnityEditor.Modules.ModuleManager.InitializePlatformSupportModules () [0x0009d] in <e0a2c8363ef54a6393fed120beebdb7a>:0 

Mono: successfully reloaded assembly
- Finished resetting the current domain, in  0.443 seconds
Domain Reload Profiling: 933ms
	BeginReloadAssembly (145ms)
		ExecutionOrderSort (0ms)
		DisableScriptedObjects (0ms)
		BackupInstance (0ms)
		ReleaseScriptingObjects (0ms)
		CreateAndSetChildDomain (1ms)
	RebuildCommonClasses (49ms)
	RebuildNativeTypeToScriptingClass (13ms)
	initialDomainReloadingComplete (77ms)
	LoadAllAssembliesAndSetupDomain (205ms)
		LoadAssemblies (143ms)
		RebuildTransferFunctionScriptingTraits (0ms)
		AnalyzeDomain (202ms)
			TypeCache.Refresh (200ms)
				TypeCache.ScanAssembly (183ms)
			ScanForSourceGeneratedMonoScriptInfo (1ms)
			ResolveRequiredComponents (1ms)
	FinalizeReload (443ms)
		ReleaseScriptCaches (0ms)
		RebuildScriptCaches (0ms)
		SetupLoadedEditorAssemblies (382ms)
			LogAssemblyErrors (0ms)
			InitializePlatformSupportModulesInManaged (162ms)
			SetLoadedEditorAssemblies (7ms)
			RefreshPlugins (0ms)
			BeforeProcessingInitializeOnLoad (3ms)
			ProcessInitializeOnLoadAttributes (152ms)
			ProcessInitializeOnLoadMethodAttributes (57ms)
			AfterProcessingInitializeOnLoad (0ms)
			EditorAssembliesLoaded (0ms)
		ExecutionOrderSort2 (0ms)
		AwakeInstancesAfterBackupRestoration (0ms)
Script 'Packages/com.huggingface.api/Examples/Scripts/TextToImageExample.cs' will not be compiled because it exists outside the Assets folder and does not to belong to any assembly definition file.
Script 'Packages/com.huggingface.api/Examples/Scripts/ConversationExample.cs' will not be compiled because it exists outside the Assets folder and does not to belong to any assembly definition file.
Script 'Packages/com.huggingface.api/Examples/Scripts/SpeechRecognitionExample.cs' will not be compiled because it exists outside the Assets folder and does not to belong to any assembly definition file.
========================================================================
Worker process is ready to serve import requests
Caller must complete domain reload
Script 'Packages/com.huggingface.api/Examples/Scripts/TextToImageExample.cs' will not be compiled because it exists outside the Assets folder and does not to belong to any assembly definition file.
Script 'Packages/com.huggingface.api/Examples/Scripts/ConversationExample.cs' will not be compiled because it exists outside the Assets folder and does not to belong to any assembly definition file.
Script 'Packages/com.huggingface.api/Examples/Scripts/SpeechRecognitionExample.cs' will not be compiled because it exists outside the Assets folder and does not to belong to any assembly definition file.
Begin MonoManager ReloadAssembly
Symbol file LoadedFromMemory is not a mono symbol file
- Loaded All Assemblies, in  0.984 seconds
Native extension for UWP target not found
Native extension for WindowsStandalone target not found
Native extension for Android target not found
Native extension for WebGL target not found
Script 'Packages/com.huggingface.api/Examples/Scripts/TextToImageExample.cs' will not be compiled because it exists outside the Assets folder and does not to belong to any assembly definition file.
Script 'Packages/com.huggingface.api/Examples/Scripts/ConversationExample.cs' will not be compiled because it exists outside the Assets folder and does not to belong to any assembly definition file.
Script 'Packages/com.huggingface.api/Examples/Scripts/SpeechRecognitionExample.cs' will not be compiled because it exists outside the Assets folder and does not to belong to any assembly definition file.
Mono: successfully reloaded assembly
- Finished resetting the current domain, in  1.238 seconds
Domain Reload Profiling: 2218ms
	BeginReloadAssembly (215ms)
		ExecutionOrderSort (0ms)
		DisableScriptedObjects (7ms)
		BackupInstance (0ms)
		ReleaseScriptingObjects (0ms)
		CreateAndSetChildDomain (28ms)
	RebuildCommonClasses (43ms)
	RebuildNativeTypeToScriptingClass (14ms)
	initialDomainReloadingComplete (57ms)
	LoadAllAssembliesAndSetupDomain (650ms)
		LoadAssemblies (494ms)
		RebuildTransferFunctionScriptingTraits (0ms)
		AnalyzeDomain (290ms)
			TypeCache.Refresh (256ms)
				TypeCache.ScanAssembly (229ms)
			ScanForSourceGeneratedMonoScriptInfo (24ms)
			ResolveRequiredComponents (8ms)
	FinalizeReload (1239ms)
		ReleaseScriptCaches (0ms)
		RebuildScriptCaches (0ms)
		SetupLoadedEditorAssemblies (1013ms)
			LogAssemblyErrors (0ms)
			InitializePlatformSupportModulesInManaged (29ms)
			SetLoadedEditorAssemblies (5ms)
			RefreshPlugins (0ms)
			BeforeProcessingInitializeOnLoad (129ms)
			ProcessInitializeOnLoadAttributes (815ms)
			ProcessInitializeOnLoadMethodAttributes (26ms)
			AfterProcessingInitializeOnLoad (9ms)
			EditorAssembliesLoaded (0ms)
		ExecutionOrderSort2 (0ms)
		AwakeInstancesAfterBackupRestoration (8ms)
Launched and connected shader compiler UnityShaderCompiler.exe after 0.06 seconds
Refreshing native plugins compatible for Editor in 6.17 ms, found 3 plugins.
Preloading 0 native plugins for Editor in 0.00 ms.
Unloading 3189 Unused Serialized files (Serialized files now loaded: 0)
Unloading 21 unused Assets / (55.6 KB). Loaded Objects now: 3656.
Memory consumption went from 124.2 MB to 124.1 MB.
Total: 4.012400 ms (FindLiveObjects: 0.401200 ms CreateObjectMapping: 0.320900 ms MarkObjects: 3.162300 ms  DeleteObjects: 0.126800 ms)

AssetImportParameters requested are different than current active one (requested -> active):
  custom:container-demuxer-ogg: 62fdf1f143b41e24485cea50d1cbac27 -> 
  custom:video-decoder-ogg-theora: a1e56fd34408186e4bbccfd4996cb3dc -> 
  custom:framework-win-MediaFoundation: 216162199b28c13a410421893ffa2e32 -> 
  custom:CustomObjectIndexerAttribute: 9a22284fe3817be447336de3de66b15e -> 
  custom:container-demuxer-webm: 4f35f7cbe854078d1ac9338744f61a02 -> 
  custom:container-muxer-webm: aa71ff27fc2769a1b78a27578f13a17b -> 
  custom:video-decoder-webm-vp8: 9c59270c3fd7afecdb556c50c9e8de78 -> 
  custom:SearchIndexIgnoredProperties: e643bd26f0fe6173181afceb89e7c659 -> 
  custom:AudioImporter_EditorPlatform: d09bf68614088b80899f8185d706f6e7 -> 
  custom:video-encoder-webm-vp8: eb34c28f22e8b96e1ab97ce403110664 -> 
  custom:audio-decoder-ogg-vorbis: bf7c407c2cedff20999df2af8eb42d56 -> 
  custom:audio-encoder-webm-vorbis: bf7c407c2cedff20999df2af8eb42d56 -> 
========================================================================
Received Prepare
Script 'Packages/com.huggingface.api/Examples/Scripts/TextToImageExample.cs' will not be compiled because it exists outside the Assets folder and does not to belong to any assembly definition file.
Script 'Packages/com.huggingface.api/Examples/Scripts/ConversationExample.cs' will not be compiled because it exists outside the Assets folder and does not to belong to any assembly definition file.
Script 'Packages/com.huggingface.api/Examples/Scripts/SpeechRecognitionExample.cs' will not be compiled because it exists outside the Assets folder and does not to belong to any assembly definition file.
Caller must complete domain reload
Script 'Packages/com.huggingface.api/Examples/Scripts/TextToImageExample.cs' will not be compiled because it exists outside the Assets folder and does not to belong to any assembly definition file.
Script 'Packages/com.huggingface.api/Examples/Scripts/ConversationExample.cs' will not be compiled because it exists outside the Assets folder and does not to belong to any assembly definition file.
Script 'Packages/com.huggingface.api/Examples/Scripts/SpeechRecognitionExample.cs' will not be compiled because it exists outside the Assets folder and does not to belong to any assembly definition file.
Begin MonoManager ReloadAssembly
Symbol file LoadedFromMemory is not a mono symbol file
- Loaded All Assemblies, in  0.515 seconds
Native extension for UWP target not found
Native extension for WindowsStandalone target not found
Native extension for Android target not found
Native extension for WebGL target not found
Script 'Packages/com.huggingface.api/Examples/Scripts/TextToImageExample.cs' will not be compiled because it exists outside the Assets folder and does not to belong to any assembly definition file.
Script 'Packages/com.huggingface.api/Examples/Scripts/ConversationExample.cs' will not be compiled because it exists outside the Assets folder and does not to belong to any assembly definition file.
Script 'Packages/com.huggingface.api/Examples/Scripts/SpeechRecognitionExample.cs' will not be compiled because it exists outside the Assets folder and does not to belong to any assembly definition file.
HuggingFaceAPIConfig not found in Resources folder.
UnityEngine.StackTraceUtility:ExtractStackTrace ()
UnityEngine.DebugLogHandler:LogFormat (UnityEngine.LogType,UnityEngine.Object,string,object[])
UnityEngine.Logger:Log (UnityEngine.LogType,object)
UnityEngine.Debug:LogError (object)
HuggingFace.API.Editor.APIConfigUpdater:UpdateTaskEndpoints () (at ./Library/PackageCache/com.huggingface.api@8d0231780e/Editor/APIConfigUpdater.cs:14)
HuggingFace.API.Editor.APIConfigUpdater:.cctor () (at ./Library/PackageCache/com.huggingface.api@8d0231780e/Editor/APIConfigUpdater.cs:8)
System.Runtime.CompilerServices.RuntimeHelpers:RunClassConstructor (System.RuntimeTypeHandle)
UnityEditor.EditorAssemblies:ProcessInitializeOnLoadAttributes (System.Type[])

(Filename: ./Library/PackageCache/com.huggingface.api@8d0231780e/Editor/APIConfigUpdater.cs Line: 14)

Mono: successfully reloaded assembly
- Finished resetting the current domain, in  1.517 seconds
Domain Reload Profiling: 2029ms
	BeginReloadAssembly (163ms)
		ExecutionOrderSort (0ms)
		DisableScriptedObjects (5ms)
		BackupInstance (0ms)
		ReleaseScriptingObjects (0ms)
		CreateAndSetChildDomain (38ms)
	RebuildCommonClasses (33ms)
	RebuildNativeTypeToScriptingClass (13ms)
	initialDomainReloadingComplete (34ms)
	LoadAllAssembliesAndSetupDomain (267ms)
		LoadAssemblies (340ms)
		RebuildTransferFunctionScriptingTraits (0ms)
		AnalyzeDomain (16ms)
			TypeCache.Refresh (7ms)
				TypeCache.ScanAssembly (0ms)
			ScanForSourceGeneratedMonoScriptInfo (0ms)
			ResolveRequiredComponents (7ms)
	FinalizeReload (1518ms)
		ReleaseScriptCaches (0ms)
		RebuildScriptCaches (0ms)
		SetupLoadedEditorAssemblies (939ms)
			LogAssemblyErrors (0ms)
			InitializePlatformSupportModulesInManaged (32ms)
			SetLoadedEditorAssemblies (6ms)
			RefreshPlugins (0ms)
			BeforeProcessingInitializeOnLoad (123ms)
			ProcessInitializeOnLoadAttributes (746ms)
			ProcessInitializeOnLoadMethodAttributes (23ms)
			AfterProcessingInitializeOnLoad (8ms)
			EditorAssembliesLoaded (0ms)
		ExecutionOrderSort2 (0ms)
		AwakeInstancesAfterBackupRestoration (8ms)
Refreshing native plugins compatible for Editor in 5.98 ms, found 3 plugins.
Preloading 0 native plugins for Editor in 0.00 ms.
Unloading 3169 Unused Serialized files (Serialized files now loaded: 0)
Unloading 16 unused Assets / (29.7 KB). Loaded Objects now: 3659.
Memory consumption went from 120.3 MB to 120.3 MB.
Total: 4.097100 ms (FindLiveObjects: 0.312400 ms CreateObjectMapping: 0.333200 ms MarkObjects: 3.401400 ms  DeleteObjects: 0.049000 ms)

Prepare: number of updated asset objects reloaded= 0
AssetImportParameters requested are different than current active one (requested -> active):
  custom:container-demuxer-ogg: 62fdf1f143b41e24485cea50d1cbac27 -> 
  custom:video-decoder-ogg-theora: a1e56fd34408186e4bbccfd4996cb3dc -> 
  custom:framework-win-MediaFoundation: 216162199b28c13a410421893ffa2e32 -> 
  custom:CustomObjectIndexerAttribute: 9a22284fe3817be447336de3de66b15e -> 
  custom:container-demuxer-webm: 4f35f7cbe854078d1ac9338744f61a02 -> 
  custom:container-muxer-webm: aa71ff27fc2769a1b78a27578f13a17b -> 
  custom:video-decoder-webm-vp8: 9c59270c3fd7afecdb556c50c9e8de78 -> 
  custom:SearchIndexIgnoredProperties: e643bd26f0fe6173181afceb89e7c659 -> 
  custom:AudioImporter_EditorPlatform: d09bf68614088b80899f8185d706f6e7 -> 
  custom:video-encoder-webm-vp8: eb34c28f22e8b96e1ab97ce403110664 -> 
  custom:audio-decoder-ogg-vorbis: bf7c407c2cedff20999df2af8eb42d56 -> 
  custom:audio-encoder-webm-vorbis: bf7c407c2cedff20999df2af8eb42d56 -> 
========================================================================
Received Prepare
Script 'Packages/com.huggingface.api/Examples/Scripts/TextToImageExample.cs' will not be compiled because it exists outside the Assets folder and does not to belong to any assembly definition file.
Script 'Packages/com.huggingface.api/Examples/Scripts/ConversationExample.cs' will not be compiled because it exists outside the Assets folder and does not to belong to any assembly definition file.
Script 'Packages/com.huggingface.api/Examples/Scripts/SpeechRecognitionExample.cs' will not be compiled because it exists outside the Assets folder and does not to belong to any assembly definition file.
Caller must complete domain reload
Script 'Packages/com.huggingface.api/Examples/Scripts/TextToImageExample.cs' will not be compiled because it exists outside the Assets folder and does not to belong to any assembly definition file.
Script 'Packages/com.huggingface.api/Examples/Scripts/ConversationExample.cs' will not be compiled because it exists outside the Assets folder and does not to belong to any assembly definition file.
Script 'Packages/com.huggingface.api/Examples/Scripts/SpeechRecognitionExample.cs' will not be compiled because it exists outside the Assets folder and does not to belong to any assembly definition file.
Begin MonoManager ReloadAssembly
Symbol file LoadedFromMemory is not a mono symbol file
- Loaded All Assemblies, in  0.505 seconds
Native extension for UWP target not found
Native extension for WindowsStandalone target not found
Native extension for Android target not found
Native extension for WebGL target not found
Script 'Packages/com.huggingface.api/Examples/Scripts/TextToImageExample.cs' will not be compiled because it exists outside the Assets folder and does not to belong to any assembly definition file.
Script 'Packages/com.huggingface.api/Examples/Scripts/ConversationExample.cs' will not be compiled because it exists outside the Assets folder and does not to belong to any assembly definition file.
Script 'Packages/com.huggingface.api/Examples/Scripts/SpeechRecognitionExample.cs' will not be compiled because it exists outside the Assets folder and does not to belong to any assembly definition file.
HuggingFaceAPIConfig not found in Resources folder.
UnityEngine.StackTraceUtility:ExtractStackTrace ()
UnityEngine.DebugLogHandler:LogFormat (UnityEngine.LogType,UnityEngine.Object,string,object[])
UnityEngine.Logger:Log (UnityEngine.LogType,object)
UnityEngine.Debug:LogError (object)
HuggingFace.API.Editor.APIConfigUpdater:UpdateTaskEndpoints () (at ./Library/PackageCache/com.huggingface.api@8d0231780e/Editor/APIConfigUpdater.cs:14)
HuggingFace.API.Editor.APIConfigUpdater:.cctor () (at ./Library/PackageCache/com.huggingface.api@8d0231780e/Editor/APIConfigUpdater.cs:8)
System.Runtime.CompilerServices.RuntimeHelpers:RunClassConstructor (System.RuntimeTypeHandle)
UnityEditor.EditorAssemblies:ProcessInitializeOnLoadAttributes (System.Type[])

(Filename: ./Library/PackageCache/com.huggingface.api@8d0231780e/Editor/APIConfigUpdater.cs Line: 14)

Mono: successfully reloaded assembly
- Finished resetting the current domain, in  1.536 seconds
Domain Reload Profiling: 2038ms
	BeginReloadAssembly (154ms)
		ExecutionOrderSort (0ms)
		DisableScriptedObjects (5ms)
		BackupInstance (0ms)
		ReleaseScriptingObjects (0ms)
		CreateAndSetChildDomain (31ms)
	RebuildCommonClasses (35ms)
	RebuildNativeTypeToScriptingClass (12ms)
	initialDomainReloadingComplete (32ms)
	LoadAllAssembliesAndSetupDomain (269ms)
		LoadAssemblies (340ms)
		RebuildTransferFunctionScriptingTraits (0ms)
		AnalyzeDomain (15ms)
			TypeCache.Refresh (6ms)
				TypeCache.ScanAssembly (0ms)
			ScanForSourceGeneratedMonoScriptInfo (0ms)
			ResolveRequiredComponents (7ms)
	FinalizeReload (1537ms)
		ReleaseScriptCaches (0ms)
		RebuildScriptCaches (0ms)
		SetupLoadedEditorAssemblies (952ms)
			LogAssemblyErrors (0ms)
			InitializePlatformSupportModulesInManaged (28ms)
			SetLoadedEditorAssemblies (5ms)
			RefreshPlugins (0ms)
			BeforeProcessingInitializeOnLoad (111ms)
			ProcessInitializeOnLoadAttributes (773ms)
			ProcessInitializeOnLoadMethodAttributes (25ms)
			AfterProcessingInitializeOnLoad (10ms)
			EditorAssembliesLoaded (0ms)
		ExecutionOrderSort2 (0ms)
		AwakeInstancesAfterBackupRestoration (7ms)
Refreshing native plugins compatible for Editor in 4.99 ms, found 3 plugins.
Preloading 0 native plugins for Editor in 0.00 ms.
Unloading 3169 Unused Serialized files (Serialized files now loaded: 0)
Unloading 16 unused Assets / (29.7 KB). Loaded Objects now: 3662.
Memory consumption went from 120.3 MB to 120.3 MB.
Total: 3.753000 ms (FindLiveObjects: 0.277100 ms CreateObjectMapping: 0.256600 ms MarkObjects: 3.111600 ms  DeleteObjects: 0.106400 ms)

Prepare: number of updated asset objects reloaded= 0
AssetImportParameters requested are different than current active one (requested -> active):
  custom:container-demuxer-ogg: 62fdf1f143b41e24485cea50d1cbac27 -> 
  custom:video-decoder-ogg-theora: a1e56fd34408186e4bbccfd4996cb3dc -> 
  custom:framework-win-MediaFoundation: 216162199b28c13a410421893ffa2e32 -> 
  custom:CustomObjectIndexerAttribute: 9a22284fe3817be447336de3de66b15e -> 
  custom:container-demuxer-webm: 4f35f7cbe854078d1ac9338744f61a02 -> 
  custom:container-muxer-webm: aa71ff27fc2769a1b78a27578f13a17b -> 
  custom:video-decoder-webm-vp8: 9c59270c3fd7afecdb556c50c9e8de78 -> 
  custom:SearchIndexIgnoredProperties: e643bd26f0fe6173181afceb89e7c659 -> 
  custom:AudioImporter_EditorPlatform: d09bf68614088b80899f8185d706f6e7 -> 
  custom:video-encoder-webm-vp8: eb34c28f22e8b96e1ab97ce403110664 -> 
  custom:audio-decoder-ogg-vorbis: bf7c407c2cedff20999df2af8eb42d56 -> 
  custom:audio-encoder-webm-vorbis: bf7c407c2cedff20999df2af8eb42d56 -> 
========================================================================
Received Import Request.
  Time since last request: 218887.403587 seconds.
  path: Assets/SpeechRecognitionTest.cs
  artifactKey: Guid(56641fd41b7f9174d870db7b7cd833af) Importer(815301076,1909f56bfc062723c751e8b465ee728b)
Start importing Assets/SpeechRecognitionTest.cs using Guid(56641fd41b7f9174d870db7b7cd833af) Importer(815301076,1909f56bfc062723c751e8b465ee728b) [PhysX] Initialized MultithreadedTaskDispatcher with 12 workers.
 -> (artifact id: '70dec3c2cdce75af5c950e5d7379e0ab') in 0.003195 seconds
Number of updated asset objects reloaded before import = 0
Number of asset objects unloaded after import = 0
========================================================================
Received Prepare
Script 'Packages/com.huggingface.api/Examples/Scripts/TextToImageExample.cs' will not be compiled because it exists outside the Assets folder and does not to belong to any assembly definition file.
Script 'Packages/com.huggingface.api/Examples/Scripts/ConversationExample.cs' will not be compiled because it exists outside the Assets folder and does not to belong to any assembly definition file.
Script 'Packages/com.huggingface.api/Examples/Scripts/SpeechRecognitionExample.cs' will not be compiled because it exists outside the Assets folder and does not to belong to any assembly definition file.
Caller must complete domain reload
Script 'Packages/com.huggingface.api/Examples/Scripts/TextToImageExample.cs' will not be compiled because it exists outside the Assets folder and does not to belong to any assembly definition file.
Script 'Packages/com.huggingface.api/Examples/Scripts/ConversationExample.cs' will not be compiled because it exists outside the Assets folder and does not to belong to any assembly definition file.
Script 'Packages/com.huggingface.api/Examples/Scripts/SpeechRecognitionExample.cs' will not be compiled because it exists outside the Assets folder and does not to belong to any assembly definition file.
Begin MonoManager ReloadAssembly
Symbol file LoadedFromMemory is not a mono symbol file
- Loaded All Assemblies, in  0.515 seconds
Native extension for UWP target not found
Native extension for WindowsStandalone target not found
Native extension for Android target not found
Native extension for WebGL target not found
Script 'Packages/com.huggingface.api/Examples/Scripts/TextToImageExample.cs' will not be compiled because it exists outside the Assets folder and does not to belong to any assembly definition file.
Script 'Packages/com.huggingface.api/Examples/Scripts/ConversationExample.cs' will not be compiled because it exists outside the Assets folder and does not to belong to any assembly definition file.
Script 'Packages/com.huggingface.api/Examples/Scripts/SpeechRecognitionExample.cs' will not be compiled because it exists outside the Assets folder and does not to belong to any assembly definition file.
HuggingFaceAPIConfig not found in Resources folder.
UnityEngine.StackTraceUtility:ExtractStackTrace ()
UnityEngine.DebugLogHandler:LogFormat (UnityEngine.LogType,UnityEngine.Object,string,object[])
UnityEngine.Logger:Log (UnityEngine.LogType,object)
UnityEngine.Debug:LogError (object)
HuggingFace.API.Editor.APIConfigUpdater:UpdateTaskEndpoints () (at ./Library/PackageCache/com.huggingface.api@8d0231780e/Editor/APIConfigUpdater.cs:14)
HuggingFace.API.Editor.APIConfigUpdater:.cctor () (at ./Library/PackageCache/com.huggingface.api@8d0231780e/Editor/APIConfigUpdater.cs:8)
System.Runtime.CompilerServices.RuntimeHelpers:RunClassConstructor (System.RuntimeTypeHandle)
UnityEditor.EditorAssemblies:ProcessInitializeOnLoadAttributes (System.Type[])

(Filename: ./Library/PackageCache/com.huggingface.api@8d0231780e/Editor/APIConfigUpdater.cs Line: 14)

Mono: successfully reloaded assembly
- Finished resetting the current domain, in  1.534 seconds
Domain Reload Profiling: 2047ms
	BeginReloadAssembly (155ms)
		ExecutionOrderSort (0ms)
		DisableScriptedObjects (5ms)
		BackupInstance (0ms)
		ReleaseScriptingObjects (0ms)
		CreateAndSetChildDomain (33ms)
	RebuildCommonClasses (37ms)
	RebuildNativeTypeToScriptingClass (12ms)
	initialDomainReloadingComplete (31ms)
	LoadAllAssembliesAndSetupDomain (277ms)
		LoadAssemblies (344ms)
		RebuildTransferFunctionScriptingTraits (0ms)
		AnalyzeDomain (20ms)
			TypeCache.Refresh (8ms)
				TypeCache.ScanAssembly (0ms)
			ScanForSourceGeneratedMonoScriptInfo (0ms)
			ResolveRequiredComponents (10ms)
	FinalizeReload (1535ms)
		ReleaseScriptCaches (0ms)
		RebuildScriptCaches (0ms)
		SetupLoadedEditorAssemblies (925ms)
			LogAssemblyErrors (0ms)
			InitializePlatformSupportModulesInManaged (29ms)
			SetLoadedEditorAssemblies (5ms)
			RefreshPlugins (0ms)
			BeforeProcessingInitializeOnLoad (111ms)
			ProcessInitializeOnLoadAttributes (747ms)
			ProcessInitializeOnLoadMethodAttributes (25ms)
			AfterProcessingInitializeOnLoad (9ms)
			EditorAssembliesLoaded (0ms)
		ExecutionOrderSort2 (0ms)
		AwakeInstancesAfterBackupRestoration (8ms)
Refreshing native plugins compatible for Editor in 6.52 ms, found 3 plugins.
Preloading 0 native plugins for Editor in 0.00 ms.
Unloading 3168 Unused Serialized files (Serialized files now loaded: 0)
Unloading 16 unused Assets / (29.7 KB). Loaded Objects now: 3665.
Memory consumption went from 120.1 MB to 120.0 MB.
Total: 4.287600 ms (FindLiveObjects: 0.324500 ms CreateObjectMapping: 0.320900 ms MarkObjects: 3.592800 ms  DeleteObjects: 0.048200 ms)

Prepare: number of updated asset objects reloaded= 0
AssetImportParameters requested are different than current active one (requested -> active):
  custom:container-demuxer-ogg: 62fdf1f143b41e24485cea50d1cbac27 -> 
  custom:video-decoder-ogg-theora: a1e56fd34408186e4bbccfd4996cb3dc -> 
  custom:framework-win-MediaFoundation: 216162199b28c13a410421893ffa2e32 -> 
  custom:CustomObjectIndexerAttribute: 9a22284fe3817be447336de3de66b15e -> 
  custom:container-demuxer-webm: 4f35f7cbe854078d1ac9338744f61a02 -> 
  custom:container-muxer-webm: aa71ff27fc2769a1b78a27578f13a17b -> 
  custom:video-decoder-webm-vp8: 9c59270c3fd7afecdb556c50c9e8de78 -> 
  custom:SearchIndexIgnoredProperties: e643bd26f0fe6173181afceb89e7c659 -> 
  custom:AudioImporter_EditorPlatform: d09bf68614088b80899f8185d706f6e7 -> 
  custom:video-encoder-webm-vp8: eb34c28f22e8b96e1ab97ce403110664 -> 
  custom:audio-decoder-ogg-vorbis: bf7c407c2cedff20999df2af8eb42d56 -> 
  custom:audio-encoder-webm-vorbis: bf7c407c2cedff20999df2af8eb42d56 -> 
========================================================================
Received Prepare
Script 'Packages/com.huggingface.api/Examples/Scripts/TextToImageExample.cs' will not be compiled because it exists outside the Assets folder and does not to belong to any assembly definition file.
Script 'Packages/com.huggingface.api/Examples/Scripts/ConversationExample.cs' will not be compiled because it exists outside the Assets folder and does not to belong to any assembly definition file.
Script 'Packages/com.huggingface.api/Examples/Scripts/SpeechRecognitionExample.cs' will not be compiled because it exists outside the Assets folder and does not to belong to any assembly definition file.
Caller must complete domain reload
Script 'Packages/com.huggingface.api/Examples/Scripts/TextToImageExample.cs' will not be compiled because it exists outside the Assets folder and does not to belong to any assembly definition file.
Script 'Packages/com.huggingface.api/Examples/Scripts/ConversationExample.cs' will not be compiled because it exists outside the Assets folder and does not to belong to any assembly definition file.
Script 'Packages/com.huggingface.api/Examples/Scripts/SpeechRecognitionExample.cs' will not be compiled because it exists outside the Assets folder and does not to belong to any assembly definition file.
Begin MonoManager ReloadAssembly
Symbol file LoadedFromMemory is not a mono symbol file
- Loaded All Assemblies, in  0.626 seconds
Native extension for UWP target not found
Native extension for WindowsStandalone target not found
Native extension for Android target not found
Native extension for WebGL target not found
Script 'Packages/com.huggingface.api/Examples/Scripts/TextToImageExample.cs' will not be compiled because it exists outside the Assets folder and does not to belong to any assembly definition file.
Script 'Packages/com.huggingface.api/Examples/Scripts/ConversationExample.cs' will not be compiled because it exists outside the Assets folder and does not to belong to any assembly definition file.
Script 'Packages/com.huggingface.api/Examples/Scripts/SpeechRecognitionExample.cs' will not be compiled because it exists outside the Assets folder and does not to belong to any assembly definition file.
HuggingFaceAPIConfig not found in Resources folder.
UnityEngine.StackTraceUtility:ExtractStackTrace ()
UnityEngine.DebugLogHandler:LogFormat (UnityEngine.LogType,UnityEngine.Object,string,object[])
UnityEngine.Logger:Log (UnityEngine.LogType,object)
UnityEngine.Debug:LogError (object)
HuggingFace.API.Editor.APIConfigUpdater:UpdateTaskEndpoints () (at ./Library/PackageCache/com.huggingface.api@8d0231780e/Editor/APIConfigUpdater.cs:14)
HuggingFace.API.Editor.APIConfigUpdater:.cctor () (at ./Library/PackageCache/com.huggingface.api@8d0231780e/Editor/APIConfigUpdater.cs:8)
System.Runtime.CompilerServices.RuntimeHelpers:RunClassConstructor (System.RuntimeTypeHandle)
UnityEditor.EditorAssemblies:ProcessInitializeOnLoadAttributes (System.Type[])

(Filename: ./Library/PackageCache/com.huggingface.api@8d0231780e/Editor/APIConfigUpdater.cs Line: 14)

Mono: successfully reloaded assembly
- Finished resetting the current domain, in  1.608 seconds
Domain Reload Profiling: 2231ms
	BeginReloadAssembly (189ms)
		ExecutionOrderSort (0ms)
		DisableScriptedObjects (6ms)
		BackupInstance (0ms)
		ReleaseScriptingObjects (0ms)
		CreateAndSetChildDomain (42ms)
	RebuildCommonClasses (45ms)
	RebuildNativeTypeToScriptingClass (20ms)
	initialDomainReloadingComplete (48ms)
	LoadAllAssembliesAndSetupDomain (319ms)
		LoadAssemblies (393ms)
		RebuildTransferFunctionScriptingTraits (0ms)
		AnalyzeDomain (30ms)
			TypeCache.Refresh (11ms)
				TypeCache.ScanAssembly (1ms)
			ScanForSourceGeneratedMonoScriptInfo (8ms)
			ResolveRequiredComponents (9ms)
	FinalizeReload (1609ms)
		ReleaseScriptCaches (0ms)
		RebuildScriptCaches (0ms)
		SetupLoadedEditorAssemblies (971ms)
			LogAssemblyErrors (0ms)
			InitializePlatformSupportModulesInManaged (31ms)
			SetLoadedEditorAssemblies (6ms)
			RefreshPlugins (0ms)
			BeforeProcessingInitializeOnLoad (123ms)
			ProcessInitializeOnLoadAttributes (776ms)
			ProcessInitializeOnLoadMethodAttributes (26ms)
			AfterProcessingInitializeOnLoad (9ms)
			EditorAssembliesLoaded (0ms)
		ExecutionOrderSort2 (0ms)
		AwakeInstancesAfterBackupRestoration (7ms)
Refreshing native plugins compatible for Editor in 4.85 ms, found 3 plugins.
Preloading 0 native plugins for Editor in 0.00 ms.
Unloading 3169 Unused Serialized files (Serialized files now loaded: 0)
Unloading 16 unused Assets / (29.7 KB). Loaded Objects now: 3668.
Memory consumption went from 120.3 MB to 120.3 MB.
Total: 3.543100 ms (FindLiveObjects: 0.260700 ms CreateObjectMapping: 0.303200 ms MarkObjects: 2.929900 ms  DeleteObjects: 0.048000 ms)

Prepare: number of updated asset objects reloaded= 0
AssetImportParameters requested are different than current active one (requested -> active):
  custom:container-demuxer-ogg: 62fdf1f143b41e24485cea50d1cbac27 -> 
  custom:video-decoder-ogg-theora: a1e56fd34408186e4bbccfd4996cb3dc -> 
  custom:framework-win-MediaFoundation: 216162199b28c13a410421893ffa2e32 -> 
  custom:CustomObjectIndexerAttribute: 9a22284fe3817be447336de3de66b15e -> 
  custom:container-demuxer-webm: 4f35f7cbe854078d1ac9338744f61a02 -> 
  custom:container-muxer-webm: aa71ff27fc2769a1b78a27578f13a17b -> 
  custom:video-decoder-webm-vp8: 9c59270c3fd7afecdb556c50c9e8de78 -> 
  custom:SearchIndexIgnoredProperties: e643bd26f0fe6173181afceb89e7c659 -> 
  custom:AudioImporter_EditorPlatform: d09bf68614088b80899f8185d706f6e7 -> 
  custom:video-encoder-webm-vp8: eb34c28f22e8b96e1ab97ce403110664 -> 
  custom:audio-decoder-ogg-vorbis: bf7c407c2cedff20999df2af8eb42d56 -> 
  custom:audio-encoder-webm-vorbis: bf7c407c2cedff20999df2af8eb42d56 -> 
  custom:scripting/precompiled-assembly-types:Assembly-CSharp: 665ff7cde1163a77d841fcdc72dd170d -> e185c2ee810995cd426895fe014139a9
========================================================================
Received Import Request.
  Time since last request: 88.375970 seconds.
  path: Assets/HandsBehavior.cs
  artifactKey: Guid(6d6dc9a932a24f34387802c418a5f12a) Importer(815301076,1909f56bfc062723c751e8b465ee728b)
Start importing Assets/HandsBehavior.cs using Guid(6d6dc9a932a24f34387802c418a5f12a) Importer(815301076,1909f56bfc062723c751e8b465ee728b) [PhysX] Initialized MultithreadedTaskDispatcher with 12 workers.
 -> (artifact id: 'b121d4de636ffdbf0a5bb47308eba3f6') in 0.003375 seconds
Number of updated asset objects reloaded before import = 0
Number of asset objects unloaded after import = 0
========================================================================
Received Prepare
Script 'Packages/com.huggingface.api/Examples/Scripts/TextToImageExample.cs' will not be compiled because it exists outside the Assets folder and does not to belong to any assembly definition file.
Script 'Packages/com.huggingface.api/Examples/Scripts/ConversationExample.cs' will not be compiled because it exists outside the Assets folder and does not to belong to any assembly definition file.
Script 'Packages/com.huggingface.api/Examples/Scripts/SpeechRecognitionExample.cs' will not be compiled because it exists outside the Assets folder and does not to belong to any assembly definition file.
Caller must complete domain reload
Script 'Packages/com.huggingface.api/Examples/Scripts/TextToImageExample.cs' will not be compiled because it exists outside the Assets folder and does not to belong to any assembly definition file.
Script 'Packages/com.huggingface.api/Examples/Scripts/ConversationExample.cs' will not be compiled because it exists outside the Assets folder and does not to belong to any assembly definition file.
Script 'Packages/com.huggingface.api/Examples/Scripts/SpeechRecognitionExample.cs' will not be compiled because it exists outside the Assets folder and does not to belong to any assembly definition file.
Begin MonoManager ReloadAssembly
Symbol file LoadedFromMemory is not a mono symbol file
- Loaded All Assemblies, in  0.512 seconds
Native extension for UWP target not found
Native extension for WindowsStandalone target not found
Native extension for Android target not found
Native extension for WebGL target not found
Script 'Packages/com.huggingface.api/Examples/Scripts/TextToImageExample.cs' will not be compiled because it exists outside the Assets folder and does not to belong to any assembly definition file.
Script 'Packages/com.huggingface.api/Examples/Scripts/ConversationExample.cs' will not be compiled because it exists outside the Assets folder and does not to belong to any assembly definition file.
Script 'Packages/com.huggingface.api/Examples/Scripts/SpeechRecognitionExample.cs' will not be compiled because it exists outside the Assets folder and does not to belong to any assembly definition file.
HuggingFaceAPIConfig not found in Resources folder.
UnityEngine.StackTraceUtility:ExtractStackTrace ()
UnityEngine.DebugLogHandler:LogFormat (UnityEngine.LogType,UnityEngine.Object,string,object[])
UnityEngine.Logger:Log (UnityEngine.LogType,object)
UnityEngine.Debug:LogError (object)
HuggingFace.API.Editor.APIConfigUpdater:UpdateTaskEndpoints () (at ./Library/PackageCache/com.huggingface.api@8d0231780e/Editor/APIConfigUpdater.cs:14)
HuggingFace.API.Editor.APIConfigUpdater:.cctor () (at ./Library/PackageCache/com.huggingface.api@8d0231780e/Editor/APIConfigUpdater.cs:8)
System.Runtime.CompilerServices.RuntimeHelpers:RunClassConstructor (System.RuntimeTypeHandle)
UnityEditor.EditorAssemblies:ProcessInitializeOnLoadAttributes (System.Type[])

(Filename: ./Library/PackageCache/com.huggingface.api@8d0231780e/Editor/APIConfigUpdater.cs Line: 14)

Mono: successfully reloaded assembly
- Finished resetting the current domain, in  1.564 seconds
Domain Reload Profiling: 2073ms
	BeginReloadAssembly (161ms)
		ExecutionOrderSort (0ms)
		DisableScriptedObjects (6ms)
		BackupInstance (0ms)
		ReleaseScriptingObjects (0ms)
		CreateAndSetChildDomain (34ms)
	RebuildCommonClasses (34ms)
	RebuildNativeTypeToScriptingClass (12ms)
	initialDomainReloadingComplete (38ms)
	LoadAllAssembliesAndSetupDomain (264ms)
		LoadAssemblies (336ms)
		RebuildTransferFunctionScriptingTraits (0ms)
		AnalyzeDomain (16ms)
			TypeCache.Refresh (7ms)
				TypeCache.ScanAssembly (0ms)
			ScanForSourceGeneratedMonoScriptInfo (0ms)
			ResolveRequiredComponents (8ms)
	FinalizeReload (1564ms)
		ReleaseScriptCaches (0ms)
		RebuildScriptCaches (0ms)
		SetupLoadedEditorAssemblies (951ms)
			LogAssemblyErrors (0ms)
			InitializePlatformSupportModulesInManaged (27ms)
			SetLoadedEditorAssemblies (5ms)
			RefreshPlugins (0ms)
			BeforeProcessingInitializeOnLoad (127ms)
			ProcessInitializeOnLoadAttributes (752ms)
			ProcessInitializeOnLoadMethodAttributes (28ms)
			AfterProcessingInitializeOnLoad (12ms)
			EditorAssembliesLoaded (0ms)
		ExecutionOrderSort2 (0ms)
		AwakeInstancesAfterBackupRestoration (7ms)
Refreshing native plugins compatible for Editor in 4.71 ms, found 3 plugins.
Preloading 0 native plugins for Editor in 0.00 ms.
Unloading 3168 Unused Serialized files (Serialized files now loaded: 0)
Unloading 16 unused Assets / (29.7 KB). Loaded Objects now: 3671.
Memory consumption went from 120.1 MB to 120.0 MB.
Total: 3.209200 ms (FindLiveObjects: 0.257000 ms CreateObjectMapping: 0.236900 ms MarkObjects: 2.672000 ms  DeleteObjects: 0.042300 ms)

Prepare: number of updated asset objects reloaded= 0
AssetImportParameters requested are different than current active one (requested -> active):
  custom:container-demuxer-ogg: 62fdf1f143b41e24485cea50d1cbac27 -> 
  custom:video-decoder-ogg-theora: a1e56fd34408186e4bbccfd4996cb3dc -> 
  custom:framework-win-MediaFoundation: 216162199b28c13a410421893ffa2e32 -> 
  custom:CustomObjectIndexerAttribute: 9a22284fe3817be447336de3de66b15e -> 
  custom:container-demuxer-webm: 4f35f7cbe854078d1ac9338744f61a02 -> 
  custom:container-muxer-webm: aa71ff27fc2769a1b78a27578f13a17b -> 
  custom:video-decoder-webm-vp8: 9c59270c3fd7afecdb556c50c9e8de78 -> 
  custom:SearchIndexIgnoredProperties: e643bd26f0fe6173181afceb89e7c659 -> 
  custom:AudioImporter_EditorPlatform: d09bf68614088b80899f8185d706f6e7 -> 
  custom:video-encoder-webm-vp8: eb34c28f22e8b96e1ab97ce403110664 -> 
  custom:audio-decoder-ogg-vorbis: bf7c407c2cedff20999df2af8eb42d56 -> 
  custom:audio-encoder-webm-vorbis: bf7c407c2cedff20999df2af8eb42d56 -> 
  custom:scripting/precompiled-assembly-types:Assembly-CSharp: 665ff7cde1163a77d841fcdc72dd170d -> e185c2ee810995cd426895fe014139a9
========================================================================
Received Prepare
Script 'Packages/com.huggingface.api/Examples/Scripts/TextToImageExample.cs' will not be compiled because it exists outside the Assets folder and does not to belong to any assembly definition file.
Script 'Packages/com.huggingface.api/Examples/Scripts/ConversationExample.cs' will not be compiled because it exists outside the Assets folder and does not to belong to any assembly definition file.
Script 'Packages/com.huggingface.api/Examples/Scripts/SpeechRecognitionExample.cs' will not be compiled because it exists outside the Assets folder and does not to belong to any assembly definition file.
Caller must complete domain reload
Script 'Packages/com.huggingface.api/Examples/Scripts/TextToImageExample.cs' will not be compiled because it exists outside the Assets folder and does not to belong to any assembly definition file.
Script 'Packages/com.huggingface.api/Examples/Scripts/ConversationExample.cs' will not be compiled because it exists outside the Assets folder and does not to belong to any assembly definition file.
Script 'Packages/com.huggingface.api/Examples/Scripts/SpeechRecognitionExample.cs' will not be compiled because it exists outside the Assets folder and does not to belong to any assembly definition file.
Begin MonoManager ReloadAssembly
Symbol file LoadedFromMemory is not a mono symbol file
- Loaded All Assemblies, in  0.587 seconds
Native extension for UWP target not found
Native extension for WindowsStandalone target not found
Native extension for Android target not found
Native extension for WebGL target not found
Script 'Packages/com.huggingface.api/Examples/Scripts/TextToImageExample.cs' will not be compiled because it exists outside the Assets folder and does not to belong to any assembly definition file.
Script 'Packages/com.huggingface.api/Examples/Scripts/ConversationExample.cs' will not be compiled because it exists outside the Assets folder and does not to belong to any assembly definition file.
Script 'Packages/com.huggingface.api/Examples/Scripts/SpeechRecognitionExample.cs' will not be compiled because it exists outside the Assets folder and does not to belong to any assembly definition file.
HuggingFaceAPIConfig not found in Resources folder.
UnityEngine.StackTraceUtility:ExtractStackTrace ()
UnityEngine.DebugLogHandler:LogFormat (UnityEngine.LogType,UnityEngine.Object,string,object[])
UnityEngine.Logger:Log (UnityEngine.LogType,object)
UnityEngine.Debug:LogError (object)
HuggingFace.API.Editor.APIConfigUpdater:UpdateTaskEndpoints () (at ./Library/PackageCache/com.huggingface.api@8d0231780e/Editor/APIConfigUpdater.cs:14)
HuggingFace.API.Editor.APIConfigUpdater:.cctor () (at ./Library/PackageCache/com.huggingface.api@8d0231780e/Editor/APIConfigUpdater.cs:8)
System.Runtime.CompilerServices.RuntimeHelpers:RunClassConstructor (System.RuntimeTypeHandle)
UnityEditor.EditorAssemblies:ProcessInitializeOnLoadAttributes (System.Type[])

(Filename: ./Library/PackageCache/com.huggingface.api@8d0231780e/Editor/APIConfigUpdater.cs Line: 14)

Mono: successfully reloaded assembly
- Finished resetting the current domain, in  1.398 seconds
Domain Reload Profiling: 1981ms
	BeginReloadAssembly (187ms)
		ExecutionOrderSort (0ms)
		DisableScriptedObjects (6ms)
		BackupInstance (0ms)
		ReleaseScriptingObjects (0ms)
		CreateAndSetChildDomain (36ms)
	RebuildCommonClasses (42ms)
	RebuildNativeTypeToScriptingClass (13ms)
	initialDomainReloadingComplete (34ms)
	LoadAllAssembliesAndSetupDomain (307ms)
		LoadAssemblies (389ms)
		RebuildTransferFunctionScriptingTraits (0ms)
		AnalyzeDomain (28ms)
			TypeCache.Refresh (11ms)
				TypeCache.ScanAssembly (1ms)
			ScanForSourceGeneratedMonoScriptInfo (7ms)
			ResolveRequiredComponents (8ms)
	FinalizeReload (1398ms)
		ReleaseScriptCaches (0ms)
		RebuildScriptCaches (0ms)
		SetupLoadedEditorAssemblies (807ms)
			LogAssemblyErrors (0ms)
			InitializePlatformSupportModulesInManaged (26ms)
			SetLoadedEditorAssemblies (4ms)
			RefreshPlugins (0ms)
			BeforeProcessingInitializeOnLoad (103ms)
			ProcessInitializeOnLoadAttributes (647ms)
			ProcessInitializeOnLoadMethodAttributes (19ms)
			AfterProcessingInitializeOnLoad (7ms)
			EditorAssembliesLoaded (0ms)
		ExecutionOrderSort2 (0ms)
		AwakeInstancesAfterBackupRestoration (5ms)
Refreshing native plugins compatible for Editor in 5.21 ms, found 3 plugins.
Preloading 0 native plugins for Editor in 0.00 ms.
Unloading 3168 Unused Serialized files (Serialized files now loaded: 0)
Unloading 17 unused Assets / (30.2 KB). Loaded Objects now: 3673.
Memory consumption went from 120.3 MB to 120.3 MB.
Total: 3.059700 ms (FindLiveObjects: 0.281700 ms CreateObjectMapping: 0.256900 ms MarkObjects: 2.475700 ms  DeleteObjects: 0.044600 ms)

Prepare: number of updated asset objects reloaded= 0
AssetImportParameters requested are different than current active one (requested -> active):
  custom:container-demuxer-ogg: 62fdf1f143b41e24485cea50d1cbac27 -> 
  custom:video-decoder-ogg-theora: a1e56fd34408186e4bbccfd4996cb3dc -> 
  custom:framework-win-MediaFoundation: 216162199b28c13a410421893ffa2e32 -> 
  custom:CustomObjectIndexerAttribute: 9a22284fe3817be447336de3de66b15e -> 
  custom:container-demuxer-webm: 4f35f7cbe854078d1ac9338744f61a02 -> 
  custom:container-muxer-webm: aa71ff27fc2769a1b78a27578f13a17b -> 
  custom:video-decoder-webm-vp8: 9c59270c3fd7afecdb556c50c9e8de78 -> 
  custom:SearchIndexIgnoredProperties: e643bd26f0fe6173181afceb89e7c659 -> 
  custom:AudioImporter_EditorPlatform: d09bf68614088b80899f8185d706f6e7 -> 
  custom:video-encoder-webm-vp8: eb34c28f22e8b96e1ab97ce403110664 -> 
  custom:audio-decoder-ogg-vorbis: bf7c407c2cedff20999df2af8eb42d56 -> 
  custom:audio-encoder-webm-vorbis: bf7c407c2cedff20999df2af8eb42d56 -> 
  custom:scripting/precompiled-assembly-types:Assembly-CSharp: e89da1177a09b02f9b2a652fd87506ba -> e185c2ee810995cd426895fe014139a9
========================================================================
Received Prepare
Script 'Packages/com.huggingface.api/Examples/Scripts/TextToImageExample.cs' will not be compiled because it exists outside the Assets folder and does not to belong to any assembly definition file.
Script 'Packages/com.huggingface.api/Examples/Scripts/ConversationExample.cs' will not be compiled because it exists outside the Assets folder and does not to belong to any assembly definition file.
Script 'Packages/com.huggingface.api/Examples/Scripts/SpeechRecognitionExample.cs' will not be compiled because it exists outside the Assets folder and does not to belong to any assembly definition file.
Caller must complete domain reload
Script 'Packages/com.huggingface.api/Examples/Scripts/TextToImageExample.cs' will not be compiled because it exists outside the Assets folder and does not to belong to any assembly definition file.
Script 'Packages/com.huggingface.api/Examples/Scripts/ConversationExample.cs' will not be compiled because it exists outside the Assets folder and does not to belong to any assembly definition file.
Script 'Packages/com.huggingface.api/Examples/Scripts/SpeechRecognitionExample.cs' will not be compiled because it exists outside the Assets folder and does not to belong to any assembly definition file.
Begin MonoManager ReloadAssembly
Symbol file LoadedFromMemory is not a mono symbol file
- Loaded All Assemblies, in  0.571 seconds
Native extension for UWP target not found
Native extension for WindowsStandalone target not found
Native extension for Android target not found
Native extension for WebGL target not found
Script 'Packages/com.huggingface.api/Examples/Scripts/TextToImageExample.cs' will not be compiled because it exists outside the Assets folder and does not to belong to any assembly definition file.
Script 'Packages/com.huggingface.api/Examples/Scripts/ConversationExample.cs' will not be compiled because it exists outside the Assets folder and does not to belong to any assembly definition file.
Script 'Packages/com.huggingface.api/Examples/Scripts/SpeechRecognitionExample.cs' will not be compiled because it exists outside the Assets folder and does not to belong to any assembly definition file.
HuggingFaceAPIConfig not found in Resources folder.
UnityEngine.StackTraceUtility:ExtractStackTrace ()
UnityEngine.DebugLogHandler:LogFormat (UnityEngine.LogType,UnityEngine.Object,string,object[])
UnityEngine.Logger:Log (UnityEngine.LogType,object)
UnityEngine.Debug:LogError (object)
HuggingFace.API.Editor.APIConfigUpdater:UpdateTaskEndpoints () (at ./Library/PackageCache/com.huggingface.api@8d0231780e/Editor/APIConfigUpdater.cs:14)
HuggingFace.API.Editor.APIConfigUpdater:.cctor () (at ./Library/PackageCache/com.huggingface.api@8d0231780e/Editor/APIConfigUpdater.cs:8)
System.Runtime.CompilerServices.RuntimeHelpers:RunClassConstructor (System.RuntimeTypeHandle)
UnityEditor.EditorAssemblies:ProcessInitializeOnLoadAttributes (System.Type[])

(Filename: ./Library/PackageCache/com.huggingface.api@8d0231780e/Editor/APIConfigUpdater.cs Line: 14)

Mono: successfully reloaded assembly
- Finished resetting the current domain, in  1.458 seconds
Domain Reload Profiling: 2025ms
	BeginReloadAssembly (184ms)
		ExecutionOrderSort (0ms)
		DisableScriptedObjects (6ms)
		BackupInstance (0ms)
		ReleaseScriptingObjects (0ms)
		CreateAndSetChildDomain (39ms)
	RebuildCommonClasses (38ms)
	RebuildNativeTypeToScriptingClass (14ms)
	initialDomainReloadingComplete (35ms)
	LoadAllAssembliesAndSetupDomain (296ms)
		LoadAssemblies (374ms)
		RebuildTransferFunctionScriptingTraits (0ms)
		AnalyzeDomain (29ms)
			TypeCache.Refresh (12ms)
				TypeCache.ScanAssembly (1ms)
			ScanForSourceGeneratedMonoScriptInfo (8ms)
			ResolveRequiredComponents (8ms)
	FinalizeReload (1458ms)
		ReleaseScriptCaches (0ms)
		RebuildScriptCaches (0ms)
		SetupLoadedEditorAssemblies (848ms)
			LogAssemblyErrors (0ms)
			InitializePlatformSupportModulesInManaged (25ms)
			SetLoadedEditorAssemblies (5ms)
			RefreshPlugins (0ms)
			BeforeProcessingInitializeOnLoad (111ms)
			ProcessInitializeOnLoadAttributes (679ms)
			ProcessInitializeOnLoadMethodAttributes (21ms)
			AfterProcessingInitializeOnLoad (8ms)
			EditorAssembliesLoaded (0ms)
		ExecutionOrderSort2 (0ms)
		AwakeInstancesAfterBackupRestoration (6ms)
Refreshing native plugins compatible for Editor in 4.90 ms, found 3 plugins.
Preloading 0 native plugins for Editor in 0.00 ms.
Unloading 3168 Unused Serialized files (Serialized files now loaded: 0)
Unloading 16 unused Assets / (29.7 KB). Loaded Objects now: 3676.
Memory consumption went from 120.3 MB to 120.3 MB.
Total: 3.217700 ms (FindLiveObjects: 0.251500 ms CreateObjectMapping: 0.235000 ms MarkObjects: 2.691600 ms  DeleteObjects: 0.038800 ms)

Prepare: number of updated asset objects reloaded= 0
AssetImportParameters requested are different than current active one (requested -> active):
  custom:container-demuxer-ogg: 62fdf1f143b41e24485cea50d1cbac27 -> 
  custom:video-decoder-ogg-theora: a1e56fd34408186e4bbccfd4996cb3dc -> 
  custom:framework-win-MediaFoundation: 216162199b28c13a410421893ffa2e32 -> 
  custom:CustomObjectIndexerAttribute: 9a22284fe3817be447336de3de66b15e -> 
  custom:container-demuxer-webm: 4f35f7cbe854078d1ac9338744f61a02 -> 
  custom:container-muxer-webm: aa71ff27fc2769a1b78a27578f13a17b -> 
  custom:video-decoder-webm-vp8: 9c59270c3fd7afecdb556c50c9e8de78 -> 
  custom:SearchIndexIgnoredProperties: e643bd26f0fe6173181afceb89e7c659 -> 
  custom:AudioImporter_EditorPlatform: d09bf68614088b80899f8185d706f6e7 -> 
  custom:video-encoder-webm-vp8: eb34c28f22e8b96e1ab97ce403110664 -> 
  custom:audio-decoder-ogg-vorbis: bf7c407c2cedff20999df2af8eb42d56 -> 
  custom:audio-encoder-webm-vorbis: bf7c407c2cedff20999df2af8eb42d56 -> 
  custom:scripting/precompiled-assembly-types:Assembly-CSharp: e89da1177a09b02f9b2a652fd87506ba -> e185c2ee810995cd426895fe014139a9
========================================================================
Received Prepare
Script 'Packages/com.huggingface.api/Examples/Scripts/TextToImageExample.cs' will not be compiled because it exists outside the Assets folder and does not to belong to any assembly definition file.
Script 'Packages/com.huggingface.api/Examples/Scripts/ConversationExample.cs' will not be compiled because it exists outside the Assets folder and does not to belong to any assembly definition file.
Script 'Packages/com.huggingface.api/Examples/Scripts/SpeechRecognitionExample.cs' will not be compiled because it exists outside the Assets folder and does not to belong to any assembly definition file.
Caller must complete domain reload
Script 'Packages/com.huggingface.api/Examples/Scripts/TextToImageExample.cs' will not be compiled because it exists outside the Assets folder and does not to belong to any assembly definition file.
Script 'Packages/com.huggingface.api/Examples/Scripts/ConversationExample.cs' will not be compiled because it exists outside the Assets folder and does not to belong to any assembly definition file.
Script 'Packages/com.huggingface.api/Examples/Scripts/SpeechRecognitionExample.cs' will not be compiled because it exists outside the Assets folder and does not to belong to any assembly definition file.
Begin MonoManager ReloadAssembly
Symbol file LoadedFromMemory is not a mono symbol file
- Loaded All Assemblies, in  0.518 seconds
Native extension for UWP target not found
Native extension for WindowsStandalone target not found
Native extension for Android target not found
Native extension for WebGL target not found
Script 'Packages/com.huggingface.api/Examples/Scripts/TextToImageExample.cs' will not be compiled because it exists outside the Assets folder and does not to belong to any assembly definition file.
Script 'Packages/com.huggingface.api/Examples/Scripts/ConversationExample.cs' will not be compiled because it exists outside the Assets folder and does not to belong to any assembly definition file.
Script 'Packages/com.huggingface.api/Examples/Scripts/SpeechRecognitionExample.cs' will not be compiled because it exists outside the Assets folder and does not to belong to any assembly definition file.
HuggingFaceAPIConfig not found in Resources folder.
UnityEngine.StackTraceUtility:ExtractStackTrace ()
UnityEngine.DebugLogHandler:LogFormat (UnityEngine.LogType,UnityEngine.Object,string,object[])
UnityEngine.Logger:Log (UnityEngine.LogType,object)
UnityEngine.Debug:LogError (object)
HuggingFace.API.Editor.APIConfigUpdater:UpdateTaskEndpoints () (at ./Library/PackageCache/com.huggingface.api@8d0231780e/Editor/APIConfigUpdater.cs:14)
HuggingFace.API.Editor.APIConfigUpdater:.cctor () (at ./Library/PackageCache/com.huggingface.api@8d0231780e/Editor/APIConfigUpdater.cs:8)
System.Runtime.CompilerServices.RuntimeHelpers:RunClassConstructor (System.RuntimeTypeHandle)
UnityEditor.EditorAssemblies:ProcessInitializeOnLoadAttributes (System.Type[])

(Filename: ./Library/PackageCache/com.huggingface.api@8d0231780e/Editor/APIConfigUpdater.cs Line: 14)

Mono: successfully reloaded assembly
- Finished resetting the current domain, in  1.532 seconds
Domain Reload Profiling: 2046ms
	BeginReloadAssembly (168ms)
		ExecutionOrderSort (0ms)
		DisableScriptedObjects (5ms)
		BackupInstance (0ms)
		ReleaseScriptingObjects (0ms)
		CreateAndSetChildDomain (34ms)
	RebuildCommonClasses (36ms)
	RebuildNativeTypeToScriptingClass (12ms)
	initialDomainReloadingComplete (35ms)
	LoadAllAssembliesAndSetupDomain (262ms)
		LoadAssemblies (341ms)
		RebuildTransferFunctionScriptingTraits (0ms)
		AnalyzeDomain (18ms)
			TypeCache.Refresh (6ms)
				TypeCache.ScanAssembly (0ms)
			ScanForSourceGeneratedMonoScriptInfo (0ms)
			ResolveRequiredComponents (10ms)
	FinalizeReload (1533ms)
		ReleaseScriptCaches (0ms)
		RebuildScriptCaches (0ms)
		SetupLoadedEditorAssemblies (957ms)
			LogAssemblyErrors (0ms)
			InitializePlatformSupportModulesInManaged (29ms)
			SetLoadedEditorAssemblies (5ms)
			RefreshPlugins (0ms)
			BeforeProcessingInitializeOnLoad (122ms)
			ProcessInitializeOnLoadAttributes (765ms)
			ProcessInitializeOnLoadMethodAttributes (25ms)
			AfterProcessingInitializeOnLoad (11ms)
			EditorAssembliesLoaded (0ms)
		ExecutionOrderSort2 (0ms)
		AwakeInstancesAfterBackupRestoration (7ms)
Refreshing native plugins compatible for Editor in 4.66 ms, found 3 plugins.
Preloading 0 native plugins for Editor in 0.00 ms.
Unloading 3168 Unused Serialized files (Serialized files now loaded: 0)
Unloading 16 unused Assets / (29.7 KB). Loaded Objects now: 3679.
Memory consumption went from 120.3 MB to 120.3 MB.
Total: 3.593100 ms (FindLiveObjects: 0.296400 ms CreateObjectMapping: 0.268900 ms MarkObjects: 2.958000 ms  DeleteObjects: 0.068200 ms)

Prepare: number of updated asset objects reloaded= 0
AssetImportParameters requested are different than current active one (requested -> active):
  custom:container-demuxer-ogg: 62fdf1f143b41e24485cea50d1cbac27 -> 
  custom:video-decoder-ogg-theora: a1e56fd34408186e4bbccfd4996cb3dc -> 
  custom:framework-win-MediaFoundation: 216162199b28c13a410421893ffa2e32 -> 
  custom:CustomObjectIndexerAttribute: 9a22284fe3817be447336de3de66b15e -> 
  custom:container-demuxer-webm: 4f35f7cbe854078d1ac9338744f61a02 -> 
  custom:container-muxer-webm: aa71ff27fc2769a1b78a27578f13a17b -> 
  custom:video-decoder-webm-vp8: 9c59270c3fd7afecdb556c50c9e8de78 -> 
  custom:SearchIndexIgnoredProperties: e643bd26f0fe6173181afceb89e7c659 -> 
  custom:AudioImporter_EditorPlatform: d09bf68614088b80899f8185d706f6e7 -> 
  custom:video-encoder-webm-vp8: eb34c28f22e8b96e1ab97ce403110664 -> 
  custom:audio-decoder-ogg-vorbis: bf7c407c2cedff20999df2af8eb42d56 -> 
  custom:audio-encoder-webm-vorbis: bf7c407c2cedff20999df2af8eb42d56 -> 
  custom:scripting/precompiled-assembly-types:Assembly-CSharp: e89da1177a09b02f9b2a652fd87506ba -> e185c2ee810995cd426895fe014139a9
========================================================================
Received Import Request.
  Time since last request: 272.972262 seconds.
  path: Assets/SpeechRecognitionTest.cs
  artifactKey: Guid(56641fd41b7f9174d870db7b7cd833af) Importer(815301076,1909f56bfc062723c751e8b465ee728b)
Start importing Assets/SpeechRecognitionTest.cs using Guid(56641fd41b7f9174d870db7b7cd833af) Importer(815301076,1909f56bfc062723c751e8b465ee728b) [PhysX] Initialized MultithreadedTaskDispatcher with 12 workers.
 -> (artifact id: '36cd3a40afa4b9a822328720175bd09c') in 0.003970 seconds
Number of updated asset objects reloaded before import = 0
Number of asset objects unloaded after import = 0
========================================================================
Received Prepare
Script 'Packages/com.huggingface.api/Examples/Scripts/TextToImageExample.cs' will not be compiled because it exists outside the Assets folder and does not to belong to any assembly definition file.
Script 'Packages/com.huggingface.api/Examples/Scripts/ConversationExample.cs' will not be compiled because it exists outside the Assets folder and does not to belong to any assembly definition file.
Script 'Packages/com.huggingface.api/Examples/Scripts/SpeechRecognitionExample.cs' will not be compiled because it exists outside the Assets folder and does not to belong to any assembly definition file.
Caller must complete domain reload
Script 'Packages/com.huggingface.api/Examples/Scripts/TextToImageExample.cs' will not be compiled because it exists outside the Assets folder and does not to belong to any assembly definition file.
Script 'Packages/com.huggingface.api/Examples/Scripts/ConversationExample.cs' will not be compiled because it exists outside the Assets folder and does not to belong to any assembly definition file.
Script 'Packages/com.huggingface.api/Examples/Scripts/SpeechRecognitionExample.cs' will not be compiled because it exists outside the Assets folder and does not to belong to any assembly definition file.
Begin MonoManager ReloadAssembly
Symbol file LoadedFromMemory is not a mono symbol file
- Loaded All Assemblies, in  0.552 seconds
Native extension for UWP target not found
Native extension for WindowsStandalone target not found
Native extension for Android target not found
Native extension for WebGL target not found
Script 'Packages/com.huggingface.api/Examples/Scripts/TextToImageExample.cs' will not be compiled because it exists outside the Assets folder and does not to belong to any assembly definition file.
Script 'Packages/com.huggingface.api/Examples/Scripts/ConversationExample.cs' will not be compiled because it exists outside the Assets folder and does not to belong to any assembly definition file.
Script 'Packages/com.huggingface.api/Examples/Scripts/SpeechRecognitionExample.cs' will not be compiled because it exists outside the Assets folder and does not to belong to any assembly definition file.
HuggingFaceAPIConfig not found in Resources folder.
UnityEngine.StackTraceUtility:ExtractStackTrace ()
UnityEngine.DebugLogHandler:LogFormat (UnityEngine.LogType,UnityEngine.Object,string,object[])
UnityEngine.Logger:Log (UnityEngine.LogType,object)
UnityEngine.Debug:LogError (object)
HuggingFace.API.Editor.APIConfigUpdater:UpdateTaskEndpoints () (at ./Library/PackageCache/com.huggingface.api@8d0231780e/Editor/APIConfigUpdater.cs:14)
HuggingFace.API.Editor.APIConfigUpdater:.cctor () (at ./Library/PackageCache/com.huggingface.api@8d0231780e/Editor/APIConfigUpdater.cs:8)
System.Runtime.CompilerServices.RuntimeHelpers:RunClassConstructor (System.RuntimeTypeHandle)
UnityEditor.EditorAssemblies:ProcessInitializeOnLoadAttributes (System.Type[])

(Filename: ./Library/PackageCache/com.huggingface.api@8d0231780e/Editor/APIConfigUpdater.cs Line: 14)

Mono: successfully reloaded assembly
- Finished resetting the current domain, in  1.483 seconds
Domain Reload Profiling: 2032ms
	BeginReloadAssembly (163ms)
		ExecutionOrderSort (0ms)
		DisableScriptedObjects (5ms)
		BackupInstance (0ms)
		ReleaseScriptingObjects (0ms)
		CreateAndSetChildDomain (34ms)
	RebuildCommonClasses (34ms)
	RebuildNativeTypeToScriptingClass (18ms)
	initialDomainReloadingComplete (36ms)
	LoadAllAssembliesAndSetupDomain (298ms)
		LoadAssemblies (359ms)
		RebuildTransferFunctionScriptingTraits (0ms)
		AnalyzeDomain (30ms)
			TypeCache.Refresh (11ms)
				TypeCache.ScanAssembly (1ms)
			ScanForSourceGeneratedMonoScriptInfo (7ms)
			ResolveRequiredComponents (10ms)
	FinalizeReload (1483ms)
		ReleaseScriptCaches (0ms)
		RebuildScriptCaches (0ms)
		SetupLoadedEditorAssemblies (847ms)
			LogAssemblyErrors (0ms)
			InitializePlatformSupportModulesInManaged (23ms)
			SetLoadedEditorAssemblies (6ms)
			RefreshPlugins (0ms)
			BeforeProcessingInitializeOnLoad (104ms)
			ProcessInitializeOnLoadAttributes (684ms)
			ProcessInitializeOnLoadMethodAttributes (21ms)
			AfterProcessingInitializeOnLoad (8ms)
			EditorAssembliesLoaded (0ms)
		ExecutionOrderSort2 (0ms)
		AwakeInstancesAfterBackupRestoration (6ms)
Refreshing native plugins compatible for Editor in 5.99 ms, found 3 plugins.
Preloading 0 native plugins for Editor in 0.00 ms.
Unloading 3167 Unused Serialized files (Serialized files now loaded: 0)
Unloading 16 unused Assets / (29.7 KB). Loaded Objects now: 3682.
Memory consumption went from 120.1 MB to 120.0 MB.
Total: 3.049200 ms (FindLiveObjects: 0.228100 ms CreateObjectMapping: 0.216500 ms MarkObjects: 2.562500 ms  DeleteObjects: 0.041200 ms)

Prepare: number of updated asset objects reloaded= 0
AssetImportParameters requested are different than current active one (requested -> active):
  custom:container-demuxer-ogg: 62fdf1f143b41e24485cea50d1cbac27 -> 
  custom:video-decoder-ogg-theora: a1e56fd34408186e4bbccfd4996cb3dc -> 
  custom:framework-win-MediaFoundation: 216162199b28c13a410421893ffa2e32 -> 
  custom:CustomObjectIndexerAttribute: 9a22284fe3817be447336de3de66b15e -> 
  custom:container-demuxer-webm: 4f35f7cbe854078d1ac9338744f61a02 -> 
  custom:container-muxer-webm: aa71ff27fc2769a1b78a27578f13a17b -> 
  custom:video-decoder-webm-vp8: 9c59270c3fd7afecdb556c50c9e8de78 -> 
  custom:SearchIndexIgnoredProperties: e643bd26f0fe6173181afceb89e7c659 -> 
  custom:AudioImporter_EditorPlatform: d09bf68614088b80899f8185d706f6e7 -> 
  custom:video-encoder-webm-vp8: eb34c28f22e8b96e1ab97ce403110664 -> 
  custom:audio-decoder-ogg-vorbis: bf7c407c2cedff20999df2af8eb42d56 -> 
  custom:audio-encoder-webm-vorbis: bf7c407c2cedff20999df2af8eb42d56 -> 
  custom:scripting/precompiled-assembly-types:Assembly-CSharp: e89da1177a09b02f9b2a652fd87506ba -> e185c2ee810995cd426895fe014139a9
========================================================================
Received Prepare
Script 'Packages/com.huggingface.api/Examples/Scripts/TextToImageExample.cs' will not be compiled because it exists outside the Assets folder and does not to belong to any assembly definition file.
Script 'Packages/com.huggingface.api/Examples/Scripts/ConversationExample.cs' will not be compiled because it exists outside the Assets folder and does not to belong to any assembly definition file.
Script 'Packages/com.huggingface.api/Examples/Scripts/SpeechRecognitionExample.cs' will not be compiled because it exists outside the Assets folder and does not to belong to any assembly definition file.
Caller must complete domain reload
Script 'Packages/com.huggingface.api/Examples/Scripts/TextToImageExample.cs' will not be compiled because it exists outside the Assets folder and does not to belong to any assembly definition file.
Script 'Packages/com.huggingface.api/Examples/Scripts/ConversationExample.cs' will not be compiled because it exists outside the Assets folder and does not to belong to any assembly definition file.
Script 'Packages/com.huggingface.api/Examples/Scripts/SpeechRecognitionExample.cs' will not be compiled because it exists outside the Assets folder and does not to belong to any assembly definition file.
Begin MonoManager ReloadAssembly
Symbol file LoadedFromMemory is not a mono symbol file
- Loaded All Assemblies, in  0.513 seconds
Native extension for UWP target not found
Native extension for WindowsStandalone target not found
Native extension for Android target not found
Native extension for WebGL target not found
Script 'Packages/com.huggingface.api/Examples/Scripts/TextToImageExample.cs' will not be compiled because it exists outside the Assets folder and does not to belong to any assembly definition file.
Script 'Packages/com.huggingface.api/Examples/Scripts/ConversationExample.cs' will not be compiled because it exists outside the Assets folder and does not to belong to any assembly definition file.
Script 'Packages/com.huggingface.api/Examples/Scripts/SpeechRecognitionExample.cs' will not be compiled because it exists outside the Assets folder and does not to belong to any assembly definition file.
HuggingFaceAPIConfig not found in Resources folder.
UnityEngine.StackTraceUtility:ExtractStackTrace ()
UnityEngine.DebugLogHandler:LogFormat (UnityEngine.LogType,UnityEngine.Object,string,object[])
UnityEngine.Logger:Log (UnityEngine.LogType,object)
UnityEngine.Debug:LogError (object)
HuggingFace.API.Editor.APIConfigUpdater:UpdateTaskEndpoints () (at ./Library/PackageCache/com.huggingface.api@8d0231780e/Editor/APIConfigUpdater.cs:14)
HuggingFace.API.Editor.APIConfigUpdater:.cctor () (at ./Library/PackageCache/com.huggingface.api@8d0231780e/Editor/APIConfigUpdater.cs:8)
System.Runtime.CompilerServices.RuntimeHelpers:RunClassConstructor (System.RuntimeTypeHandle)
UnityEditor.EditorAssemblies:ProcessInitializeOnLoadAttributes (System.Type[])

(Filename: ./Library/PackageCache/com.huggingface.api@8d0231780e/Editor/APIConfigUpdater.cs Line: 14)

Mono: successfully reloaded assembly
- Finished resetting the current domain, in  1.593 seconds
Domain Reload Profiling: 2103ms
	BeginReloadAssembly (168ms)
		ExecutionOrderSort (0ms)
		DisableScriptedObjects (5ms)
		BackupInstance (0ms)
		ReleaseScriptingObjects (0ms)
		CreateAndSetChildDomain (35ms)
	RebuildCommonClasses (32ms)
	RebuildNativeTypeToScriptingClass (12ms)
	initialDomainReloadingComplete (30ms)
	LoadAllAssembliesAndSetupDomain (268ms)
		LoadAssemblies (342ms)
		RebuildTransferFunctionScriptingTraits (0ms)
		AnalyzeDomain (14ms)
			TypeCache.Refresh (6ms)
				TypeCache.ScanAssembly (0ms)
			ScanForSourceGeneratedMonoScriptInfo (0ms)
			ResolveRequiredComponents (7ms)
	FinalizeReload (1593ms)
		ReleaseScriptCaches (0ms)
		RebuildScriptCaches (0ms)
		SetupLoadedEditorAssemblies (956ms)
			LogAssemblyErrors (0ms)
			InitializePlatformSupportModulesInManaged (31ms)
			SetLoadedEditorAssemblies (6ms)
			RefreshPlugins (0ms)
			BeforeProcessingInitializeOnLoad (123ms)
			ProcessInitializeOnLoadAttributes (759ms)
			ProcessInitializeOnLoadMethodAttributes (28ms)
			AfterProcessingInitializeOnLoad (8ms)
			EditorAssembliesLoaded (0ms)
		ExecutionOrderSort2 (0ms)
		AwakeInstancesAfterBackupRestoration (7ms)
Refreshing native plugins compatible for Editor in 5.06 ms, found 3 plugins.
Preloading 0 native plugins for Editor in 0.00 ms.
Unloading 3168 Unused Serialized files (Serialized files now loaded: 0)
Unloading 16 unused Assets / (29.7 KB). Loaded Objects now: 3685.
Memory consumption went from 120.3 MB to 120.3 MB.
Total: 3.936500 ms (FindLiveObjects: 0.281300 ms CreateObjectMapping: 0.352300 ms MarkObjects: 3.251900 ms  DeleteObjects: 0.049100 ms)

Prepare: number of updated asset objects reloaded= 0
AssetImportParameters requested are different than current active one (requested -> active):
  custom:container-demuxer-ogg: 62fdf1f143b41e24485cea50d1cbac27 -> 
  custom:video-decoder-ogg-theora: a1e56fd34408186e4bbccfd4996cb3dc -> 
  custom:framework-win-MediaFoundation: 216162199b28c13a410421893ffa2e32 -> 
  custom:CustomObjectIndexerAttribute: 9a22284fe3817be447336de3de66b15e -> 
  custom:container-demuxer-webm: 4f35f7cbe854078d1ac9338744f61a02 -> 
  custom:container-muxer-webm: aa71ff27fc2769a1b78a27578f13a17b -> 
  custom:video-decoder-webm-vp8: 9c59270c3fd7afecdb556c50c9e8de78 -> 
  custom:SearchIndexIgnoredProperties: e643bd26f0fe6173181afceb89e7c659 -> 
  custom:AudioImporter_EditorPlatform: d09bf68614088b80899f8185d706f6e7 -> 
  custom:video-encoder-webm-vp8: eb34c28f22e8b96e1ab97ce403110664 -> 
  custom:audio-decoder-ogg-vorbis: bf7c407c2cedff20999df2af8eb42d56 -> 
  custom:audio-encoder-webm-vorbis: bf7c407c2cedff20999df2af8eb42d56 -> 
  custom:scripting/precompiled-assembly-types:Assembly-CSharp: e89da1177a09b02f9b2a652fd87506ba -> e185c2ee810995cd426895fe014139a9
========================================================================
Received Prepare
Script 'Packages/com.huggingface.api/Examples/Scripts/TextToImageExample.cs' will not be compiled because it exists outside the Assets folder and does not to belong to any assembly definition file.
Script 'Packages/com.huggingface.api/Examples/Scripts/ConversationExample.cs' will not be compiled because it exists outside the Assets folder and does not to belong to any assembly definition file.
Script 'Packages/com.huggingface.api/Examples/Scripts/SpeechRecognitionExample.cs' will not be compiled because it exists outside the Assets folder and does not to belong to any assembly definition file.
Caller must complete domain reload
Script 'Packages/com.huggingface.api/Examples/Scripts/TextToImageExample.cs' will not be compiled because it exists outside the Assets folder and does not to belong to any assembly definition file.
Script 'Packages/com.huggingface.api/Examples/Scripts/ConversationExample.cs' will not be compiled because it exists outside the Assets folder and does not to belong to any assembly definition file.
Script 'Packages/com.huggingface.api/Examples/Scripts/SpeechRecognitionExample.cs' will not be compiled because it exists outside the Assets folder and does not to belong to any assembly definition file.
Begin MonoManager ReloadAssembly
Symbol file LoadedFromMemory is not a mono symbol file
- Loaded All Assemblies, in  0.541 seconds
Native extension for UWP target not found
Native extension for WindowsStandalone target not found
Native extension for Android target not found
Native extension for WebGL target not found
Script 'Packages/com.huggingface.api/Examples/Scripts/TextToImageExample.cs' will not be compiled because it exists outside the Assets folder and does not to belong to any assembly definition file.
Script 'Packages/com.huggingface.api/Examples/Scripts/ConversationExample.cs' will not be compiled because it exists outside the Assets folder and does not to belong to any assembly definition file.
Script 'Packages/com.huggingface.api/Examples/Scripts/SpeechRecognitionExample.cs' will not be compiled because it exists outside the Assets folder and does not to belong to any assembly definition file.
HuggingFaceAPIConfig not found in Resources folder.
UnityEngine.StackTraceUtility:ExtractStackTrace ()
UnityEngine.DebugLogHandler:LogFormat (UnityEngine.LogType,UnityEngine.Object,string,object[])
UnityEngine.Logger:Log (UnityEngine.LogType,object)
UnityEngine.Debug:LogError (object)
HuggingFace.API.Editor.APIConfigUpdater:UpdateTaskEndpoints () (at ./Library/PackageCache/com.huggingface.api@8d0231780e/Editor/APIConfigUpdater.cs:14)
HuggingFace.API.Editor.APIConfigUpdater:.cctor () (at ./Library/PackageCache/com.huggingface.api@8d0231780e/Editor/APIConfigUpdater.cs:8)
System.Runtime.CompilerServices.RuntimeHelpers:RunClassConstructor (System.RuntimeTypeHandle)
UnityEditor.EditorAssemblies:ProcessInitializeOnLoadAttributes (System.Type[])

(Filename: ./Library/PackageCache/com.huggingface.api@8d0231780e/Editor/APIConfigUpdater.cs Line: 14)

Mono: successfully reloaded assembly
- Finished resetting the current domain, in  1.619 seconds
Domain Reload Profiling: 2158ms
	BeginReloadAssembly (168ms)
		ExecutionOrderSort (0ms)
		DisableScriptedObjects (6ms)
		BackupInstance (0ms)
		ReleaseScriptingObjects (0ms)
		CreateAndSetChildDomain (36ms)
	RebuildCommonClasses (41ms)
	RebuildNativeTypeToScriptingClass (12ms)
	initialDomainReloadingComplete (33ms)
	LoadAllAssembliesAndSetupDomain (284ms)
		LoadAssemblies (362ms)
		RebuildTransferFunctionScriptingTraits (0ms)
		AnalyzeDomain (15ms)
			TypeCache.Refresh (6ms)
				TypeCache.ScanAssembly (0ms)
			ScanForSourceGeneratedMonoScriptInfo (0ms)
			ResolveRequiredComponents (7ms)
	FinalizeReload (1620ms)
		ReleaseScriptCaches (0ms)
		RebuildScriptCaches (0ms)
		SetupLoadedEditorAssemblies (985ms)
			LogAssemblyErrors (0ms)
			InitializePlatformSupportModulesInManaged (29ms)
			SetLoadedEditorAssemblies (5ms)
			RefreshPlugins (0ms)
			BeforeProcessingInitializeOnLoad (122ms)
			ProcessInitializeOnLoadAttributes (793ms)
			ProcessInitializeOnLoadMethodAttributes (26ms)
			AfterProcessingInitializeOnLoad (10ms)
			EditorAssembliesLoaded (0ms)
		ExecutionOrderSort2 (0ms)
		AwakeInstancesAfterBackupRestoration (7ms)
Refreshing native plugins compatible for Editor in 4.91 ms, found 3 plugins.
Preloading 0 native plugins for Editor in 0.00 ms.
Unloading 3168 Unused Serialized files (Serialized files now loaded: 0)
Unloading 16 unused Assets / (29.7 KB). Loaded Objects now: 3688.
Memory consumption went from 120.3 MB to 120.3 MB.
Total: 3.966100 ms (FindLiveObjects: 0.335800 ms CreateObjectMapping: 0.284900 ms MarkObjects: 3.293500 ms  DeleteObjects: 0.050700 ms)

Prepare: number of updated asset objects reloaded= 0
AssetImportParameters requested are different than current active one (requested -> active):
  custom:container-demuxer-ogg: 62fdf1f143b41e24485cea50d1cbac27 -> 
  custom:video-decoder-ogg-theora: a1e56fd34408186e4bbccfd4996cb3dc -> 
  custom:framework-win-MediaFoundation: 216162199b28c13a410421893ffa2e32 -> 
  custom:CustomObjectIndexerAttribute: 9a22284fe3817be447336de3de66b15e -> 
  custom:container-demuxer-webm: 4f35f7cbe854078d1ac9338744f61a02 -> 
  custom:container-muxer-webm: aa71ff27fc2769a1b78a27578f13a17b -> 
  custom:video-decoder-webm-vp8: 9c59270c3fd7afecdb556c50c9e8de78 -> 
  custom:SearchIndexIgnoredProperties: e643bd26f0fe6173181afceb89e7c659 -> 
  custom:AudioImporter_EditorPlatform: d09bf68614088b80899f8185d706f6e7 -> 
  custom:video-encoder-webm-vp8: eb34c28f22e8b96e1ab97ce403110664 -> 
  custom:audio-decoder-ogg-vorbis: bf7c407c2cedff20999df2af8eb42d56 -> 
  custom:audio-encoder-webm-vorbis: bf7c407c2cedff20999df2af8eb42d56 -> 
  custom:scripting/precompiled-assembly-types:Assembly-CSharp: e89da1177a09b02f9b2a652fd87506ba -> e185c2ee810995cd426895fe014139a9
========================================================================
Received Prepare
Script 'Packages/com.huggingface.api/Examples/Scripts/TextToImageExample.cs' will not be compiled because it exists outside the Assets folder and does not to belong to any assembly definition file.
Script 'Packages/com.huggingface.api/Examples/Scripts/ConversationExample.cs' will not be compiled because it exists outside the Assets folder and does not to belong to any assembly definition file.
Script 'Packages/com.huggingface.api/Examples/Scripts/SpeechRecognitionExample.cs' will not be compiled because it exists outside the Assets folder and does not to belong to any assembly definition file.
Caller must complete domain reload
Script 'Packages/com.huggingface.api/Examples/Scripts/TextToImageExample.cs' will not be compiled because it exists outside the Assets folder and does not to belong to any assembly definition file.
Script 'Packages/com.huggingface.api/Examples/Scripts/ConversationExample.cs' will not be compiled because it exists outside the Assets folder and does not to belong to any assembly definition file.
Script 'Packages/com.huggingface.api/Examples/Scripts/SpeechRecognitionExample.cs' will not be compiled because it exists outside the Assets folder and does not to belong to any assembly definition file.
Begin MonoManager ReloadAssembly
Symbol file LoadedFromMemory is not a mono symbol file
- Loaded All Assemblies, in  0.535 seconds
Native extension for UWP target not found
Native extension for WindowsStandalone target not found
Native extension for Android target not found
Native extension for WebGL target not found
Script 'Packages/com.huggingface.api/Examples/Scripts/TextToImageExample.cs' will not be compiled because it exists outside the Assets folder and does not to belong to any assembly definition file.
Script 'Packages/com.huggingface.api/Examples/Scripts/ConversationExample.cs' will not be compiled because it exists outside the Assets folder and does not to belong to any assembly definition file.
Script 'Packages/com.huggingface.api/Examples/Scripts/SpeechRecognitionExample.cs' will not be compiled because it exists outside the Assets folder and does not to belong to any assembly definition file.
HuggingFaceAPIConfig not found in Resources folder.
UnityEngine.StackTraceUtility:ExtractStackTrace ()
UnityEngine.DebugLogHandler:LogFormat (UnityEngine.LogType,UnityEngine.Object,string,object[])
UnityEngine.Logger:Log (UnityEngine.LogType,object)
UnityEngine.Debug:LogError (object)
HuggingFace.API.Editor.APIConfigUpdater:UpdateTaskEndpoints () (at ./Library/PackageCache/com.huggingface.api@8d0231780e/Editor/APIConfigUpdater.cs:14)
HuggingFace.API.Editor.APIConfigUpdater:.cctor () (at ./Library/PackageCache/com.huggingface.api@8d0231780e/Editor/APIConfigUpdater.cs:8)
System.Runtime.CompilerServices.RuntimeHelpers:RunClassConstructor (System.RuntimeTypeHandle)
UnityEditor.EditorAssemblies:ProcessInitializeOnLoadAttributes (System.Type[])

(Filename: ./Library/PackageCache/com.huggingface.api@8d0231780e/Editor/APIConfigUpdater.cs Line: 14)

Mono: successfully reloaded assembly
- Finished resetting the current domain, in  1.520 seconds
Domain Reload Profiling: 2052ms
	BeginReloadAssembly (164ms)
		ExecutionOrderSort (0ms)
		DisableScriptedObjects (5ms)
		BackupInstance (0ms)
		ReleaseScriptingObjects (0ms)
		CreateAndSetChildDomain (40ms)
	RebuildCommonClasses (42ms)
	RebuildNativeTypeToScriptingClass (12ms)
	initialDomainReloadingComplete (32ms)
	LoadAllAssembliesAndSetupDomain (282ms)
		LoadAssemblies (351ms)
		RebuildTransferFunctionScriptingTraits (0ms)
		AnalyzeDomain (18ms)
			TypeCache.Refresh (7ms)
				TypeCache.ScanAssembly (0ms)
			ScanForSourceGeneratedMonoScriptInfo (0ms)
			ResolveRequiredComponents (9ms)
	FinalizeReload (1521ms)
		ReleaseScriptCaches (0ms)
		RebuildScriptCaches (0ms)
		SetupLoadedEditorAssemblies (924ms)
			LogAssemblyErrors (0ms)
			InitializePlatformSupportModulesInManaged (25ms)
			SetLoadedEditorAssemblies (5ms)
			RefreshPlugins (0ms)
			BeforeProcessingInitializeOnLoad (113ms)
			ProcessInitializeOnLoadAttributes (746ms)
			ProcessInitializeOnLoadMethodAttributes (26ms)
			AfterProcessingInitializeOnLoad (10ms)
			EditorAssembliesLoaded (0ms)
		ExecutionOrderSort2 (0ms)
		AwakeInstancesAfterBackupRestoration (7ms)
Refreshing native plugins compatible for Editor in 5.20 ms, found 3 plugins.
Preloading 0 native plugins for Editor in 0.00 ms.
Unloading 3168 Unused Serialized files (Serialized files now loaded: 0)
Unloading 16 unused Assets / (29.7 KB). Loaded Objects now: 3691.
Memory consumption went from 120.3 MB to 120.3 MB.
Total: 7.072500 ms (FindLiveObjects: 0.285300 ms CreateObjectMapping: 0.282900 ms MarkObjects: 6.436800 ms  DeleteObjects: 0.065400 ms)

Prepare: number of updated asset objects reloaded= 0
AssetImportParameters requested are different than current active one (requested -> active):
  custom:container-demuxer-ogg: 62fdf1f143b41e24485cea50d1cbac27 -> 
  custom:video-decoder-ogg-theora: a1e56fd34408186e4bbccfd4996cb3dc -> 
  custom:framework-win-MediaFoundation: 216162199b28c13a410421893ffa2e32 -> 
  custom:CustomObjectIndexerAttribute: 9a22284fe3817be447336de3de66b15e -> 
  custom:container-demuxer-webm: 4f35f7cbe854078d1ac9338744f61a02 -> 
  custom:container-muxer-webm: aa71ff27fc2769a1b78a27578f13a17b -> 
  custom:video-decoder-webm-vp8: 9c59270c3fd7afecdb556c50c9e8de78 -> 
  custom:SearchIndexIgnoredProperties: e643bd26f0fe6173181afceb89e7c659 -> 
  custom:AudioImporter_EditorPlatform: d09bf68614088b80899f8185d706f6e7 -> 
  custom:video-encoder-webm-vp8: eb34c28f22e8b96e1ab97ce403110664 -> 
  custom:audio-decoder-ogg-vorbis: bf7c407c2cedff20999df2af8eb42d56 -> 
  custom:audio-encoder-webm-vorbis: bf7c407c2cedff20999df2af8eb42d56 -> 
  custom:scripting/precompiled-assembly-types:Assembly-CSharp: e89da1177a09b02f9b2a652fd87506ba -> e185c2ee810995cd426895fe014139a9
========================================================================
Received Prepare
Script 'Packages/com.huggingface.api/Examples/Scripts/TextToImageExample.cs' will not be compiled because it exists outside the Assets folder and does not to belong to any assembly definition file.
Script 'Packages/com.huggingface.api/Examples/Scripts/ConversationExample.cs' will not be compiled because it exists outside the Assets folder and does not to belong to any assembly definition file.
Script 'Packages/com.huggingface.api/Examples/Scripts/SpeechRecognitionExample.cs' will not be compiled because it exists outside the Assets folder and does not to belong to any assembly definition file.
Caller must complete domain reload
Script 'Packages/com.huggingface.api/Examples/Scripts/TextToImageExample.cs' will not be compiled because it exists outside the Assets folder and does not to belong to any assembly definition file.
Script 'Packages/com.huggingface.api/Examples/Scripts/ConversationExample.cs' will not be compiled because it exists outside the Assets folder and does not to belong to any assembly definition file.
Script 'Packages/com.huggingface.api/Examples/Scripts/SpeechRecognitionExample.cs' will not be compiled because it exists outside the Assets folder and does not to belong to any assembly definition file.
Begin MonoManager ReloadAssembly
Symbol file LoadedFromMemory is not a mono symbol file
- Loaded All Assemblies, in  0.536 seconds
Native extension for UWP target not found
Native extension for WindowsStandalone target not found
Native extension for Android target not found
Native extension for WebGL target not found
Script 'Packages/com.huggingface.api/Examples/Scripts/TextToImageExample.cs' will not be compiled because it exists outside the Assets folder and does not to belong to any assembly definition file.
Script 'Packages/com.huggingface.api/Examples/Scripts/ConversationExample.cs' will not be compiled because it exists outside the Assets folder and does not to belong to any assembly definition file.
Script 'Packages/com.huggingface.api/Examples/Scripts/SpeechRecognitionExample.cs' will not be compiled because it exists outside the Assets folder and does not to belong to any assembly definition file.
HuggingFaceAPIConfig not found in Resources folder.
UnityEngine.StackTraceUtility:ExtractStackTrace ()
UnityEngine.DebugLogHandler:LogFormat (UnityEngine.LogType,UnityEngine.Object,string,object[])
UnityEngine.Logger:Log (UnityEngine.LogType,object)
UnityEngine.Debug:LogError (object)
HuggingFace.API.Editor.APIConfigUpdater:UpdateTaskEndpoints () (at ./Library/PackageCache/com.huggingface.api@8d0231780e/Editor/APIConfigUpdater.cs:14)
HuggingFace.API.Editor.APIConfigUpdater:.cctor () (at ./Library/PackageCache/com.huggingface.api@8d0231780e/Editor/APIConfigUpdater.cs:8)
System.Runtime.CompilerServices.RuntimeHelpers:RunClassConstructor (System.RuntimeTypeHandle)
UnityEditor.EditorAssemblies:ProcessInitializeOnLoadAttributes (System.Type[])

(Filename: ./Library/PackageCache/com.huggingface.api@8d0231780e/Editor/APIConfigUpdater.cs Line: 14)

Mono: successfully reloaded assembly
- Finished resetting the current domain, in  1.557 seconds
Domain Reload Profiling: 2090ms
	BeginReloadAssembly (166ms)
		ExecutionOrderSort (0ms)
		DisableScriptedObjects (5ms)
		BackupInstance (0ms)
		ReleaseScriptingObjects (0ms)
		CreateAndSetChildDomain (41ms)
	RebuildCommonClasses (36ms)
	RebuildNativeTypeToScriptingClass (12ms)
	initialDomainReloadingComplete (40ms)
	LoadAllAssembliesAndSetupDomain (279ms)
		LoadAssemblies (347ms)
		RebuildTransferFunctionScriptingTraits (0ms)
		AnalyzeDomain (19ms)
			TypeCache.Refresh (7ms)
				TypeCache.ScanAssembly (0ms)
			ScanForSourceGeneratedMonoScriptInfo (0ms)
			ResolveRequiredComponents (10ms)
	FinalizeReload (1558ms)
		ReleaseScriptCaches (0ms)
		RebuildScriptCaches (0ms)
		SetupLoadedEditorAssemblies (945ms)
			LogAssemblyErrors (0ms)
			InitializePlatformSupportModulesInManaged (28ms)
			SetLoadedEditorAssemblies (5ms)
			RefreshPlugins (0ms)
			BeforeProcessingInitializeOnLoad (116ms)
			ProcessInitializeOnLoadAttributes (758ms)
			ProcessInitializeOnLoadMethodAttributes (28ms)
			AfterProcessingInitializeOnLoad (10ms)
			EditorAssembliesLoaded (0ms)
		ExecutionOrderSort2 (0ms)
		AwakeInstancesAfterBackupRestoration (9ms)
Refreshing native plugins compatible for Editor in 5.43 ms, found 3 plugins.
Preloading 0 native plugins for Editor in 0.00 ms.
Unloading 3168 Unused Serialized files (Serialized files now loaded: 0)
Unloading 16 unused Assets / (29.7 KB). Loaded Objects now: 3694.
Memory consumption went from 120.3 MB to 120.3 MB.
Total: 3.445400 ms (FindLiveObjects: 0.312800 ms CreateObjectMapping: 0.199300 ms MarkObjects: 2.890800 ms  DeleteObjects: 0.040900 ms)

Prepare: number of updated asset objects reloaded= 0
AssetImportParameters requested are different than current active one (requested -> active):
  custom:container-demuxer-ogg: 62fdf1f143b41e24485cea50d1cbac27 -> 
  custom:video-decoder-ogg-theora: a1e56fd34408186e4bbccfd4996cb3dc -> 
  custom:framework-win-MediaFoundation: 216162199b28c13a410421893ffa2e32 -> 
  custom:CustomObjectIndexerAttribute: 9a22284fe3817be447336de3de66b15e -> 
  custom:container-demuxer-webm: 4f35f7cbe854078d1ac9338744f61a02 -> 
  custom:container-muxer-webm: aa71ff27fc2769a1b78a27578f13a17b -> 
  custom:video-decoder-webm-vp8: 9c59270c3fd7afecdb556c50c9e8de78 -> 
  custom:SearchIndexIgnoredProperties: e643bd26f0fe6173181afceb89e7c659 -> 
  custom:AudioImporter_EditorPlatform: d09bf68614088b80899f8185d706f6e7 -> 
  custom:video-encoder-webm-vp8: eb34c28f22e8b96e1ab97ce403110664 -> 
  custom:audio-decoder-ogg-vorbis: bf7c407c2cedff20999df2af8eb42d56 -> 
  custom:audio-encoder-webm-vorbis: bf7c407c2cedff20999df2af8eb42d56 -> 
  custom:scripting/precompiled-assembly-types:Assembly-CSharp: e89da1177a09b02f9b2a652fd87506ba -> e185c2ee810995cd426895fe014139a9
========================================================================
Received Prepare
Script 'Packages/com.huggingface.api/Examples/Scripts/TextToImageExample.cs' will not be compiled because it exists outside the Assets folder and does not to belong to any assembly definition file.
Script 'Packages/com.huggingface.api/Examples/Scripts/ConversationExample.cs' will not be compiled because it exists outside the Assets folder and does not to belong to any assembly definition file.
Script 'Packages/com.huggingface.api/Examples/Scripts/SpeechRecognitionExample.cs' will not be compiled because it exists outside the Assets folder and does not to belong to any assembly definition file.
Caller must complete domain reload
Script 'Packages/com.huggingface.api/Examples/Scripts/TextToImageExample.cs' will not be compiled because it exists outside the Assets folder and does not to belong to any assembly definition file.
Script 'Packages/com.huggingface.api/Examples/Scripts/ConversationExample.cs' will not be compiled because it exists outside the Assets folder and does not to belong to any assembly definition file.
Script 'Packages/com.huggingface.api/Examples/Scripts/SpeechRecognitionExample.cs' will not be compiled because it exists outside the Assets folder and does not to belong to any assembly definition file.
Begin MonoManager ReloadAssembly
Symbol file LoadedFromMemory is not a mono symbol file
- Loaded All Assemblies, in  0.514 seconds
Native extension for UWP target not found
Native extension for WindowsStandalone target not found
Native extension for Android target not found
Native extension for WebGL target not found
Script 'Packages/com.huggingface.api/Examples/Scripts/TextToImageExample.cs' will not be compiled because it exists outside the Assets folder and does not to belong to any assembly definition file.
Script 'Packages/com.huggingface.api/Examples/Scripts/ConversationExample.cs' will not be compiled because it exists outside the Assets folder and does not to belong to any assembly definition file.
Script 'Packages/com.huggingface.api/Examples/Scripts/SpeechRecognitionExample.cs' will not be compiled because it exists outside the Assets folder and does not to belong to any assembly definition file.
HuggingFaceAPIConfig not found in Resources folder.
UnityEngine.StackTraceUtility:ExtractStackTrace ()
UnityEngine.DebugLogHandler:LogFormat (UnityEngine.LogType,UnityEngine.Object,string,object[])
UnityEngine.Logger:Log (UnityEngine.LogType,object)
UnityEngine.Debug:LogError (object)
HuggingFace.API.Editor.APIConfigUpdater:UpdateTaskEndpoints () (at ./Library/PackageCache/com.huggingface.api@8d0231780e/Editor/APIConfigUpdater.cs:14)
HuggingFace.API.Editor.APIConfigUpdater:.cctor () (at ./Library/PackageCache/com.huggingface.api@8d0231780e/Editor/APIConfigUpdater.cs:8)
System.Runtime.CompilerServices.RuntimeHelpers:RunClassConstructor (System.RuntimeTypeHandle)
UnityEditor.EditorAssemblies:ProcessInitializeOnLoadAttributes (System.Type[])

(Filename: ./Library/PackageCache/com.huggingface.api@8d0231780e/Editor/APIConfigUpdater.cs Line: 14)

Mono: successfully reloaded assembly
- Finished resetting the current domain, in  1.600 seconds
Domain Reload Profiling: 2112ms
	BeginReloadAssembly (159ms)
		ExecutionOrderSort (0ms)
		DisableScriptedObjects (5ms)
		BackupInstance (0ms)
		ReleaseScriptingObjects (0ms)
		CreateAndSetChildDomain (35ms)
	RebuildCommonClasses (34ms)
	RebuildNativeTypeToScriptingClass (12ms)
	initialDomainReloadingComplete (32ms)
	LoadAllAssembliesAndSetupDomain (273ms)
		LoadAssemblies (346ms)
		RebuildTransferFunctionScriptingTraits (0ms)
		AnalyzeDomain (16ms)
			TypeCache.Refresh (7ms)
				TypeCache.ScanAssembly (0ms)
			ScanForSourceGeneratedMonoScriptInfo (0ms)
			ResolveRequiredComponents (7ms)
	FinalizeReload (1601ms)
		ReleaseScriptCaches (0ms)
		RebuildScriptCaches (0ms)
		SetupLoadedEditorAssemblies (952ms)
			LogAssemblyErrors (0ms)
			InitializePlatformSupportModulesInManaged (28ms)
			SetLoadedEditorAssemblies (5ms)
			RefreshPlugins (0ms)
			BeforeProcessingInitializeOnLoad (116ms)
			ProcessInitializeOnLoadAttributes (767ms)
			ProcessInitializeOnLoadMethodAttributes (27ms)
			AfterProcessingInitializeOnLoad (9ms)
			EditorAssembliesLoaded (0ms)
		ExecutionOrderSort2 (0ms)
		AwakeInstancesAfterBackupRestoration (8ms)
Refreshing native plugins compatible for Editor in 5.81 ms, found 3 plugins.
Preloading 0 native plugins for Editor in 0.00 ms.
Unloading 3168 Unused Serialized files (Serialized files now loaded: 0)
Unloading 16 unused Assets / (29.8 KB). Loaded Objects now: 3697.
Memory consumption went from 120.3 MB to 120.3 MB.
Total: 4.041400 ms (FindLiveObjects: 0.294300 ms CreateObjectMapping: 0.244800 ms MarkObjects: 3.443800 ms  DeleteObjects: 0.057200 ms)

Prepare: number of updated asset objects reloaded= 0
AssetImportParameters requested are different than current active one (requested -> active):
  custom:container-demuxer-ogg: 62fdf1f143b41e24485cea50d1cbac27 -> 
  custom:video-decoder-ogg-theora: a1e56fd34408186e4bbccfd4996cb3dc -> 
  custom:framework-win-MediaFoundation: 216162199b28c13a410421893ffa2e32 -> 
  custom:CustomObjectIndexerAttribute: 9a22284fe3817be447336de3de66b15e -> 
  custom:container-demuxer-webm: 4f35f7cbe854078d1ac9338744f61a02 -> 
  custom:container-muxer-webm: aa71ff27fc2769a1b78a27578f13a17b -> 
  custom:video-decoder-webm-vp8: 9c59270c3fd7afecdb556c50c9e8de78 -> 
  custom:SearchIndexIgnoredProperties: e643bd26f0fe6173181afceb89e7c659 -> 
  custom:AudioImporter_EditorPlatform: d09bf68614088b80899f8185d706f6e7 -> 
  custom:video-encoder-webm-vp8: eb34c28f22e8b96e1ab97ce403110664 -> 
  custom:audio-decoder-ogg-vorbis: bf7c407c2cedff20999df2af8eb42d56 -> 
  custom:audio-encoder-webm-vorbis: bf7c407c2cedff20999df2af8eb42d56 -> 
  custom:scripting/precompiled-assembly-types:Assembly-CSharp: e89da1177a09b02f9b2a652fd87506ba -> e185c2ee810995cd426895fe014139a9
========================================================================
Received Prepare
Script 'Packages/com.huggingface.api/Examples/Scripts/TextToImageExample.cs' will not be compiled because it exists outside the Assets folder and does not to belong to any assembly definition file.
Script 'Packages/com.huggingface.api/Examples/Scripts/ConversationExample.cs' will not be compiled because it exists outside the Assets folder and does not to belong to any assembly definition file.
Script 'Packages/com.huggingface.api/Examples/Scripts/SpeechRecognitionExample.cs' will not be compiled because it exists outside the Assets folder and does not to belong to any assembly definition file.
Caller must complete domain reload
Script 'Packages/com.huggingface.api/Examples/Scripts/TextToImageExample.cs' will not be compiled because it exists outside the Assets folder and does not to belong to any assembly definition file.
Script 'Packages/com.huggingface.api/Examples/Scripts/ConversationExample.cs' will not be compiled because it exists outside the Assets folder and does not to belong to any assembly definition file.
Script 'Packages/com.huggingface.api/Examples/Scripts/SpeechRecognitionExample.cs' will not be compiled because it exists outside the Assets folder and does not to belong to any assembly definition file.
Begin MonoManager ReloadAssembly
Symbol file LoadedFromMemory is not a mono symbol file
- Loaded All Assemblies, in  0.513 seconds
Native extension for UWP target not found
Native extension for WindowsStandalone target not found
Native extension for Android target not found
Native extension for WebGL target not found
Script 'Packages/com.huggingface.api/Examples/Scripts/TextToImageExample.cs' will not be compiled because it exists outside the Assets folder and does not to belong to any assembly definition file.
Script 'Packages/com.huggingface.api/Examples/Scripts/ConversationExample.cs' will not be compiled because it exists outside the Assets folder and does not to belong to any assembly definition file.
Script 'Packages/com.huggingface.api/Examples/Scripts/SpeechRecognitionExample.cs' will not be compiled because it exists outside the Assets folder and does not to belong to any assembly definition file.
HuggingFaceAPIConfig not found in Resources folder.
UnityEngine.StackTraceUtility:ExtractStackTrace ()
UnityEngine.DebugLogHandler:LogFormat (UnityEngine.LogType,UnityEngine.Object,string,object[])
UnityEngine.Logger:Log (UnityEngine.LogType,object)
UnityEngine.Debug:LogError (object)
HuggingFace.API.Editor.APIConfigUpdater:UpdateTaskEndpoints () (at ./Library/PackageCache/com.huggingface.api@8d0231780e/Editor/APIConfigUpdater.cs:14)
HuggingFace.API.Editor.APIConfigUpdater:.cctor () (at ./Library/PackageCache/com.huggingface.api@8d0231780e/Editor/APIConfigUpdater.cs:8)
System.Runtime.CompilerServices.RuntimeHelpers:RunClassConstructor (System.RuntimeTypeHandle)
UnityEditor.EditorAssemblies:ProcessInitializeOnLoadAttributes (System.Type[])

(Filename: ./Library/PackageCache/com.huggingface.api@8d0231780e/Editor/APIConfigUpdater.cs Line: 14)

Mono: successfully reloaded assembly
- Finished resetting the current domain, in  1.500 seconds
Domain Reload Profiling: 2010ms
	BeginReloadAssembly (163ms)
		ExecutionOrderSort (0ms)
		DisableScriptedObjects (5ms)
		BackupInstance (0ms)
		ReleaseScriptingObjects (0ms)
		CreateAndSetChildDomain (33ms)
	RebuildCommonClasses (34ms)
	RebuildNativeTypeToScriptingClass (12ms)
	initialDomainReloadingComplete (32ms)
	LoadAllAssembliesAndSetupDomain (268ms)
		LoadAssemblies (341ms)
		RebuildTransferFunctionScriptingTraits (0ms)
		AnalyzeDomain (15ms)
			TypeCache.Refresh (6ms)
				TypeCache.ScanAssembly (0ms)
			ScanForSourceGeneratedMonoScriptInfo (0ms)
			ResolveRequiredComponents (7ms)
	FinalizeReload (1501ms)
		ReleaseScriptCaches (0ms)
		RebuildScriptCaches (0ms)
		SetupLoadedEditorAssemblies (910ms)
			LogAssemblyErrors (0ms)
			InitializePlatformSupportModulesInManaged (28ms)
			SetLoadedEditorAssemblies (5ms)
			RefreshPlugins (0ms)
			BeforeProcessingInitializeOnLoad (112ms)
			ProcessInitializeOnLoadAttributes (735ms)
			ProcessInitializeOnLoadMethodAttributes (23ms)
			AfterProcessingInitializeOnLoad (8ms)
			EditorAssembliesLoaded (0ms)
		ExecutionOrderSort2 (0ms)
		AwakeInstancesAfterBackupRestoration (8ms)
Refreshing native plugins compatible for Editor in 5.13 ms, found 3 plugins.
Preloading 0 native plugins for Editor in 0.00 ms.
Unloading 3168 Unused Serialized files (Serialized files now loaded: 0)
Unloading 16 unused Assets / (29.8 KB). Loaded Objects now: 3700.
Memory consumption went from 120.3 MB to 120.3 MB.
Total: 3.656300 ms (FindLiveObjects: 0.303900 ms CreateObjectMapping: 0.261300 ms MarkObjects: 3.041100 ms  DeleteObjects: 0.049200 ms)

Prepare: number of updated asset objects reloaded= 0
AssetImportParameters requested are different than current active one (requested -> active):
  custom:container-demuxer-ogg: 62fdf1f143b41e24485cea50d1cbac27 -> 
  custom:video-decoder-ogg-theora: a1e56fd34408186e4bbccfd4996cb3dc -> 
  custom:framework-win-MediaFoundation: 216162199b28c13a410421893ffa2e32 -> 
  custom:CustomObjectIndexerAttribute: 9a22284fe3817be447336de3de66b15e -> 
  custom:container-demuxer-webm: 4f35f7cbe854078d1ac9338744f61a02 -> 
  custom:container-muxer-webm: aa71ff27fc2769a1b78a27578f13a17b -> 
  custom:video-decoder-webm-vp8: 9c59270c3fd7afecdb556c50c9e8de78 -> 
  custom:SearchIndexIgnoredProperties: e643bd26f0fe6173181afceb89e7c659 -> 
  custom:AudioImporter_EditorPlatform: d09bf68614088b80899f8185d706f6e7 -> 
  custom:video-encoder-webm-vp8: eb34c28f22e8b96e1ab97ce403110664 -> 
  custom:audio-decoder-ogg-vorbis: bf7c407c2cedff20999df2af8eb42d56 -> 
  custom:audio-encoder-webm-vorbis: bf7c407c2cedff20999df2af8eb42d56 -> 
  custom:scripting/precompiled-assembly-types:Assembly-CSharp: e89da1177a09b02f9b2a652fd87506ba -> e185c2ee810995cd426895fe014139a9
========================================================================
Received Import Request.
  Time since last request: 4955.506507 seconds.
  path: Assets/SpeechRecognitionTest.cs
  artifactKey: Guid(56641fd41b7f9174d870db7b7cd833af) Importer(815301076,1909f56bfc062723c751e8b465ee728b)
Start importing Assets/SpeechRecognitionTest.cs using Guid(56641fd41b7f9174d870db7b7cd833af) Importer(815301076,1909f56bfc062723c751e8b465ee728b) [PhysX] Initialized MultithreadedTaskDispatcher with 12 workers.
 -> (artifact id: 'd3082a8560106a6171fc76105409f173') in 0.017362 seconds
Number of updated asset objects reloaded before import = 0
Number of asset objects unloaded after import = 0
========================================================================
Received Prepare
Script 'Packages/com.huggingface.api/Examples/Scripts/TextToImageExample.cs' will not be compiled because it exists outside the Assets folder and does not to belong to any assembly definition file.
Script 'Packages/com.huggingface.api/Examples/Scripts/ConversationExample.cs' will not be compiled because it exists outside the Assets folder and does not to belong to any assembly definition file.
Script 'Packages/com.huggingface.api/Examples/Scripts/SpeechRecognitionExample.cs' will not be compiled because it exists outside the Assets folder and does not to belong to any assembly definition file.
Caller must complete domain reload
Script 'Packages/com.huggingface.api/Examples/Scripts/TextToImageExample.cs' will not be compiled because it exists outside the Assets folder and does not to belong to any assembly definition file.
Script 'Packages/com.huggingface.api/Examples/Scripts/ConversationExample.cs' will not be compiled because it exists outside the Assets folder and does not to belong to any assembly definition file.
Script 'Packages/com.huggingface.api/Examples/Scripts/SpeechRecognitionExample.cs' will not be compiled because it exists outside the Assets folder and does not to belong to any assembly definition file.
Begin MonoManager ReloadAssembly
Symbol file LoadedFromMemory is not a mono symbol file
- Loaded All Assemblies, in  0.718 seconds
Native extension for UWP target not found
Native extension for WindowsStandalone target not found
Native extension for Android target not found
Native extension for WebGL target not found
Script 'Packages/com.huggingface.api/Examples/Scripts/TextToImageExample.cs' will not be compiled because it exists outside the Assets folder and does not to belong to any assembly definition file.
Script 'Packages/com.huggingface.api/Examples/Scripts/ConversationExample.cs' will not be compiled because it exists outside the Assets folder and does not to belong to any assembly definition file.
Script 'Packages/com.huggingface.api/Examples/Scripts/SpeechRecognitionExample.cs' will not be compiled because it exists outside the Assets folder and does not to belong to any assembly definition file.
HuggingFaceAPIConfig not found in Resources folder.
UnityEngine.StackTraceUtility:ExtractStackTrace ()
UnityEngine.DebugLogHandler:LogFormat (UnityEngine.LogType,UnityEngine.Object,string,object[])
UnityEngine.Logger:Log (UnityEngine.LogType,object)
UnityEngine.Debug:LogError (object)
HuggingFace.API.Editor.APIConfigUpdater:UpdateTaskEndpoints () (at ./Library/PackageCache/com.huggingface.api@8d0231780e/Editor/APIConfigUpdater.cs:14)
HuggingFace.API.Editor.APIConfigUpdater:.cctor () (at ./Library/PackageCache/com.huggingface.api@8d0231780e/Editor/APIConfigUpdater.cs:8)
System.Runtime.CompilerServices.RuntimeHelpers:RunClassConstructor (System.RuntimeTypeHandle)
UnityEditor.EditorAssemblies:ProcessInitializeOnLoadAttributes (System.Type[])

(Filename: ./Library/PackageCache/com.huggingface.api@8d0231780e/Editor/APIConfigUpdater.cs Line: 14)

Mono: successfully reloaded assembly
- Finished resetting the current domain, in  1.491 seconds
Domain Reload Profiling: 2205ms
	BeginReloadAssembly (233ms)
		ExecutionOrderSort (0ms)
		DisableScriptedObjects (7ms)
		BackupInstance (0ms)
		ReleaseScriptingObjects (0ms)
		CreateAndSetChildDomain (59ms)
	RebuildCommonClasses (48ms)
	RebuildNativeTypeToScriptingClass (17ms)
	initialDomainReloadingComplete (43ms)
	LoadAllAssembliesAndSetupDomain (374ms)
		LoadAssemblies (466ms)
		RebuildTransferFunctionScriptingTraits (0ms)
		AnalyzeDomain (33ms)
			TypeCache.Refresh (13ms)
				TypeCache.ScanAssembly (1ms)
			ScanForSourceGeneratedMonoScriptInfo (10ms)
			ResolveRequiredComponents (8ms)
	FinalizeReload (1491ms)
		ReleaseScriptCaches (0ms)
		RebuildScriptCaches (0ms)
		SetupLoadedEditorAssemblies (813ms)
			LogAssemblyErrors (0ms)
			InitializePlatformSupportModulesInManaged (25ms)
			SetLoadedEditorAssemblies (4ms)
			RefreshPlugins (0ms)
			BeforeProcessingInitializeOnLoad (106ms)
			ProcessInitializeOnLoadAttributes (648ms)
			ProcessInitializeOnLoadMethodAttributes (21ms)
			AfterProcessingInitializeOnLoad (8ms)
			EditorAssembliesLoaded (0ms)
		ExecutionOrderSort2 (0ms)
		AwakeInstancesAfterBackupRestoration (5ms)
Refreshing native plugins compatible for Editor in 4.20 ms, found 3 plugins.
Preloading 0 native plugins for Editor in 0.00 ms.
Unloading 3167 Unused Serialized files (Serialized files now loaded: 0)
Unloading 16 unused Assets / (29.7 KB). Loaded Objects now: 3703.
Memory consumption went from 120.1 MB to 120.1 MB.
Total: 5.319000 ms (FindLiveObjects: 0.402000 ms CreateObjectMapping: 0.389900 ms MarkObjects: 4.470600 ms  DeleteObjects: 0.054900 ms)

Prepare: number of updated asset objects reloaded= 0
AssetImportParameters requested are different than current active one (requested -> active):
  custom:container-demuxer-ogg: 62fdf1f143b41e24485cea50d1cbac27 -> 
  custom:video-decoder-ogg-theora: a1e56fd34408186e4bbccfd4996cb3dc -> 
  custom:framework-win-MediaFoundation: 216162199b28c13a410421893ffa2e32 -> 
  custom:CustomObjectIndexerAttribute: 9a22284fe3817be447336de3de66b15e -> 
  custom:container-demuxer-webm: 4f35f7cbe854078d1ac9338744f61a02 -> 
  custom:container-muxer-webm: aa71ff27fc2769a1b78a27578f13a17b -> 
  custom:video-decoder-webm-vp8: 9c59270c3fd7afecdb556c50c9e8de78 -> 
  custom:SearchIndexIgnoredProperties: e643bd26f0fe6173181afceb89e7c659 -> 
  custom:AudioImporter_EditorPlatform: d09bf68614088b80899f8185d706f6e7 -> 
  custom:video-encoder-webm-vp8: eb34c28f22e8b96e1ab97ce403110664 -> 
  custom:audio-decoder-ogg-vorbis: bf7c407c2cedff20999df2af8eb42d56 -> 
  custom:audio-encoder-webm-vorbis: bf7c407c2cedff20999df2af8eb42d56 -> 
  custom:scripting/precompiled-assembly-types:Assembly-CSharp: e89da1177a09b02f9b2a652fd87506ba -> e185c2ee810995cd426895fe014139a9
========================================================================
Received Prepare
Script 'Packages/com.huggingface.api/Examples/Scripts/TextToImageExample.cs' will not be compiled because it exists outside the Assets folder and does not to belong to any assembly definition file.
Script 'Packages/com.huggingface.api/Examples/Scripts/ConversationExample.cs' will not be compiled because it exists outside the Assets folder and does not to belong to any assembly definition file.
Script 'Packages/com.huggingface.api/Examples/Scripts/SpeechRecognitionExample.cs' will not be compiled because it exists outside the Assets folder and does not to belong to any assembly definition file.
Caller must complete domain reload
Script 'Packages/com.huggingface.api/Examples/Scripts/TextToImageExample.cs' will not be compiled because it exists outside the Assets folder and does not to belong to any assembly definition file.
Script 'Packages/com.huggingface.api/Examples/Scripts/ConversationExample.cs' will not be compiled because it exists outside the Assets folder and does not to belong to any assembly definition file.
Script 'Packages/com.huggingface.api/Examples/Scripts/SpeechRecognitionExample.cs' will not be compiled because it exists outside the Assets folder and does not to belong to any assembly definition file.
Begin MonoManager ReloadAssembly
Symbol file LoadedFromMemory is not a mono symbol file
- Loaded All Assemblies, in  0.560 seconds
Native extension for UWP target not found
Native extension for WindowsStandalone target not found
Native extension for Android target not found
Native extension for WebGL target not found
Script 'Packages/com.huggingface.api/Examples/Scripts/TextToImageExample.cs' will not be compiled because it exists outside the Assets folder and does not to belong to any assembly definition file.
Script 'Packages/com.huggingface.api/Examples/Scripts/ConversationExample.cs' will not be compiled because it exists outside the Assets folder and does not to belong to any assembly definition file.
Script 'Packages/com.huggingface.api/Examples/Scripts/SpeechRecognitionExample.cs' will not be compiled because it exists outside the Assets folder and does not to belong to any assembly definition file.
HuggingFaceAPIConfig not found in Resources folder.
UnityEngine.StackTraceUtility:ExtractStackTrace ()
UnityEngine.DebugLogHandler:LogFormat (UnityEngine.LogType,UnityEngine.Object,string,object[])
UnityEngine.Logger:Log (UnityEngine.LogType,object)
UnityEngine.Debug:LogError (object)
HuggingFace.API.Editor.APIConfigUpdater:UpdateTaskEndpoints () (at ./Library/PackageCache/com.huggingface.api@8d0231780e/Editor/APIConfigUpdater.cs:14)
HuggingFace.API.Editor.APIConfigUpdater:.cctor () (at ./Library/PackageCache/com.huggingface.api@8d0231780e/Editor/APIConfigUpdater.cs:8)
System.Runtime.CompilerServices.RuntimeHelpers:RunClassConstructor (System.RuntimeTypeHandle)
UnityEditor.EditorAssemblies:ProcessInitializeOnLoadAttributes (System.Type[])

(Filename: ./Library/PackageCache/com.huggingface.api@8d0231780e/Editor/APIConfigUpdater.cs Line: 14)

Mono: successfully reloaded assembly
- Finished resetting the current domain, in  1.610 seconds
Domain Reload Profiling: 2167ms
	BeginReloadAssembly (168ms)
		ExecutionOrderSort (0ms)
		DisableScriptedObjects (5ms)
		BackupInstance (0ms)
		ReleaseScriptingObjects (0ms)
		CreateAndSetChildDomain (40ms)
	RebuildCommonClasses (42ms)
	RebuildNativeTypeToScriptingClass (14ms)
	initialDomainReloadingComplete (39ms)
	LoadAllAssembliesAndSetupDomain (294ms)
		LoadAssemblies (368ms)
		RebuildTransferFunctionScriptingTraits (0ms)
		AnalyzeDomain (16ms)
			TypeCache.Refresh (7ms)
				TypeCache.ScanAssembly (0ms)
			ScanForSourceGeneratedMonoScriptInfo (0ms)
			ResolveRequiredComponents (7ms)
	FinalizeReload (1611ms)
		ReleaseScriptCaches (0ms)
		RebuildScriptCaches (0ms)
		SetupLoadedEditorAssemblies (974ms)
			LogAssemblyErrors (0ms)
			InitializePlatformSupportModulesInManaged (28ms)
			SetLoadedEditorAssemblies (6ms)
			RefreshPlugins (0ms)
			BeforeProcessingInitializeOnLoad (138ms)
			ProcessInitializeOnLoadAttributes (766ms)
			ProcessInitializeOnLoadMethodAttributes (27ms)
			AfterProcessingInitializeOnLoad (9ms)
			EditorAssembliesLoaded (0ms)
		ExecutionOrderSort2 (0ms)
		AwakeInstancesAfterBackupRestoration (7ms)
Refreshing native plugins compatible for Editor in 5.59 ms, found 3 plugins.
Preloading 0 native plugins for Editor in 0.00 ms.
Unloading 3168 Unused Serialized files (Serialized files now loaded: 0)
Unloading 16 unused Assets / (29.7 KB). Loaded Objects now: 3706.
Memory consumption went from 120.4 MB to 120.3 MB.
Total: 3.936000 ms (FindLiveObjects: 0.321200 ms CreateObjectMapping: 0.374400 ms MarkObjects: 3.191700 ms  DeleteObjects: 0.047500 ms)

Prepare: number of updated asset objects reloaded= 0
AssetImportParameters requested are different than current active one (requested -> active):
  custom:container-demuxer-ogg: 62fdf1f143b41e24485cea50d1cbac27 -> 
  custom:video-decoder-ogg-theora: a1e56fd34408186e4bbccfd4996cb3dc -> 
  custom:framework-win-MediaFoundation: 216162199b28c13a410421893ffa2e32 -> 
  custom:CustomObjectIndexerAttribute: 9a22284fe3817be447336de3de66b15e -> 
  custom:container-demuxer-webm: 4f35f7cbe854078d1ac9338744f61a02 -> 
  custom:container-muxer-webm: aa71ff27fc2769a1b78a27578f13a17b -> 
  custom:video-decoder-webm-vp8: 9c59270c3fd7afecdb556c50c9e8de78 -> 
  custom:SearchIndexIgnoredProperties: e643bd26f0fe6173181afceb89e7c659 -> 
  custom:AudioImporter_EditorPlatform: d09bf68614088b80899f8185d706f6e7 -> 
  custom:video-encoder-webm-vp8: eb34c28f22e8b96e1ab97ce403110664 -> 
  custom:audio-decoder-ogg-vorbis: bf7c407c2cedff20999df2af8eb42d56 -> 
  custom:audio-encoder-webm-vorbis: bf7c407c2cedff20999df2af8eb42d56 -> 
  custom:scripting/precompiled-assembly-types:Assembly-CSharp: e89da1177a09b02f9b2a652fd87506ba -> e185c2ee810995cd426895fe014139a9
